-- MySQL dump 10.13  Distrib 5.5.22, for debian-linux-gnu (x86_64)
--
-- Host: localhost    Database: dev1
-- ------------------------------------------------------
-- Server version	5.5.22-0ubuntu1

/*!40101 SET @OLD_CHARACTER_SET_CLIENT=@@CHARACTER_SET_CLIENT */;
/*!40101 SET @OLD_CHARACTER_SET_RESULTS=@@CHARACTER_SET_RESULTS */;
/*!40101 SET @OLD_COLLATION_CONNECTION=@@COLLATION_CONNECTION */;
/*!40101 SET NAMES utf8 */;
/*!40103 SET @OLD_TIME_ZONE=@@TIME_ZONE */;
/*!40103 SET TIME_ZONE='+00:00' */;
/*!40014 SET @OLD_UNIQUE_CHECKS=@@UNIQUE_CHECKS, UNIQUE_CHECKS=0 */;
/*!40014 SET @OLD_FOREIGN_KEY_CHECKS=@@FOREIGN_KEY_CHECKS, FOREIGN_KEY_CHECKS=0 */;
/*!40101 SET @OLD_SQL_MODE=@@SQL_MODE, SQL_MODE='NO_AUTO_VALUE_ON_ZERO' */;
/*!40111 SET @OLD_SQL_NOTES=@@SQL_NOTES, SQL_NOTES=0 */;

--
-- Table structure for table `admin_tools`
--

DROP TABLE IF EXISTS `admin_tools`;
/*!40101 SET @saved_cs_client     = @@character_set_client */;
/*!40101 SET character_set_client = utf8 */;
CREATE TABLE `admin_tools` (
  `id` int(11) NOT NULL AUTO_INCREMENT,
  PRIMARY KEY (`id`)
) ENGINE=MyISAM DEFAULT CHARSET=latin1;
/*!40101 SET character_set_client = @saved_cs_client */;

--
-- Dumping data for table `admin_tools`
--

LOCK TABLES `admin_tools` WRITE;
/*!40000 ALTER TABLE `admin_tools` DISABLE KEYS */;
/*!40000 ALTER TABLE `admin_tools` ENABLE KEYS */;
UNLOCK TABLES;

--
-- Table structure for table `auth_contenttype`
--

DROP TABLE IF EXISTS `auth_contenttype`;
/*!40101 SET @saved_cs_client     = @@character_set_client */;
/*!40101 SET character_set_client = utf8 */;
CREATE TABLE `auth_contenttype` (
  `id` int(11) NOT NULL AUTO_INCREMENT,
  `name` varchar(50) NOT NULL,
  `image` varchar(100) NOT NULL,
  `model_name` varchar(50) NOT NULL,
  `module_id` int(11) NOT NULL,
  PRIMARY KEY (`id`),
  KEY `auth_contenttype_f53ed95e` (`module_id`)
) ENGINE=MyISAM AUTO_INCREMENT=10 DEFAULT CHARSET=latin1;
/*!40101 SET character_set_client = @saved_cs_client */;

--
-- Dumping data for table `auth_contenttype`
--

LOCK TABLES `auth_contenttype` WRITE;
/*!40000 ALTER TABLE `auth_contenttype` DISABLE KEYS */;
INSERT INTO `auth_contenttype` VALUES (1,'permission','','',1),(2,'group','icons/group.png','',1),(3,'user','icons/user.png','',1),(4,'property','icons/property.png','',2),(5,'log','icons/logging.png','',3),(6,'citizen','icons/citizen.png','',4),(9,'tax','icons/tax.png','',5);
/*!40000 ALTER TABLE `auth_contenttype` ENABLE KEYS */;
UNLOCK TABLES;

--
-- Table structure for table `auth_group`
--

DROP TABLE IF EXISTS `auth_group`;
/*!40101 SET @saved_cs_client     = @@character_set_client */;
/*!40101 SET character_set_client = utf8 */;
CREATE TABLE `auth_group` (
  `id` int(11) NOT NULL AUTO_INCREMENT,
  `name` varchar(80) NOT NULL,
  `i_status` varchar(10) NOT NULL,
  PRIMARY KEY (`id`),
  UNIQUE KEY `name` (`name`)
) ENGINE=MyISAM AUTO_INCREMENT=8 DEFAULT CHARSET=latin1;
/*!40101 SET character_set_client = @saved_cs_client */;

--
-- Dumping data for table `auth_group`
--

LOCK TABLES `auth_group` WRITE;
/*!40000 ALTER TABLE `auth_group` DISABLE KEYS */;
INSERT INTO `auth_group` VALUES (1,'testgroup','active'),(7,'dev1','active');
/*!40000 ALTER TABLE `auth_group` ENABLE KEYS */;
UNLOCK TABLES;

--
-- Table structure for table `auth_group_permissions`
--

DROP TABLE IF EXISTS `auth_group_permissions`;
/*!40101 SET @saved_cs_client     = @@character_set_client */;
/*!40101 SET character_set_client = utf8 */;
CREATE TABLE `auth_group_permissions` (
  `id` int(11) NOT NULL AUTO_INCREMENT,
  `group_id` int(11) NOT NULL,
  `permission_id` int(11) NOT NULL,
  PRIMARY KEY (`id`),
  UNIQUE KEY `group_id` (`group_id`,`permission_id`),
  KEY `auth_group_permissions_bda51c3c` (`group_id`),
  KEY `auth_group_permissions_1e014c8f` (`permission_id`)
) ENGINE=MyISAM AUTO_INCREMENT=84 DEFAULT CHARSET=latin1;
/*!40101 SET character_set_client = @saved_cs_client */;

--
-- Dumping data for table `auth_group_permissions`
--

LOCK TABLES `auth_group_permissions` WRITE;
/*!40000 ALTER TABLE `auth_group_permissions` DISABLE KEYS */;
INSERT INTO `auth_group_permissions` VALUES (1,1,17),(2,1,1),(83,7,33),(82,7,34),(81,7,35),(80,7,36),(79,7,24),(78,7,23),(77,7,22),(76,7,21),(75,7,20),(74,7,19),(73,7,18),(72,7,17),(71,7,16),(70,7,15),(69,7,14),(68,7,13),(67,7,12),(66,7,11),(65,7,10),(64,7,9),(63,7,8),(62,7,7),(61,7,6),(60,7,5),(59,7,4),(58,7,3),(57,7,2),(56,7,1);
/*!40000 ALTER TABLE `auth_group_permissions` ENABLE KEYS */;
UNLOCK TABLES;

--
-- Table structure for table `auth_module`
--

DROP TABLE IF EXISTS `auth_module`;
/*!40101 SET @saved_cs_client     = @@character_set_client */;
/*!40101 SET character_set_client = utf8 */;
CREATE TABLE `auth_module` (
  `id` int(11) NOT NULL AUTO_INCREMENT,
  `name` varchar(50) NOT NULL,
  `image` varchar(100) NOT NULL,
  `description` varchar(200) NOT NULL,
  PRIMARY KEY (`id`)
) ENGINE=MyISAM AUTO_INCREMENT=6 DEFAULT CHARSET=latin1;
/*!40101 SET character_set_client = @saved_cs_client */;

--
-- Dumping data for table `auth_module`
--

LOCK TABLES `auth_module` WRITE;
/*!40000 ALTER TABLE `auth_module` DISABLE KEYS */;
INSERT INTO `auth_module` VALUES (1,'auth','',''),(2,'property','',''),(3,'log','',''),(4,'citizen','',''),(5,'tax','','');
/*!40000 ALTER TABLE `auth_module` ENABLE KEYS */;
UNLOCK TABLES;

--
-- Table structure for table `auth_permission`
--

DROP TABLE IF EXISTS `auth_permission`;
/*!40101 SET @saved_cs_client     = @@character_set_client */;
/*!40101 SET character_set_client = utf8 */;
CREATE TABLE `auth_permission` (
  `id` int(11) NOT NULL AUTO_INCREMENT,
  `name` varchar(50) NOT NULL,
  `codename` varchar(50) NOT NULL,
  `contenttype_id` int(11) NOT NULL,
  PRIMARY KEY (`id`),
  KEY `auth_permission_a184c428` (`contenttype_id`)
) ENGINE=MyISAM AUTO_INCREMENT=37 DEFAULT CHARSET=latin1;
/*!40101 SET character_set_client = @saved_cs_client */;

--
-- Dumping data for table `auth_permission`
--

LOCK TABLES `auth_permission` WRITE;
/*!40000 ALTER TABLE `auth_permission` DISABLE KEYS */;
INSERT INTO `auth_permission` VALUES (1,'Can view citizen','view_citizen',6),(2,'Can add citizen','add_citizen',6),(3,'Can change citizen','change_citizen',6),(4,'Can delete citizen','delete_citizen',6),(5,'Can view group','view_group',2),(6,'Can add group','add_group',2),(7,'Can change group','change_group',2),(8,'Can delete group','delete_group',2),(9,'Can view log','view_log',5),(10,'Can add log','add_log',5),(11,'Can change log','change_log',5),(12,'Can delete log','delete_log',5),(13,'Can view permission','view_permission',1),(14,'Can add permission','add_permission',1),(15,'Can change permission','change_permission',1),(16,'Can delete permission','delete_permission',1),(17,'Can view property','view_property',4),(18,'Can add property','add_property',4),(19,'Can change property','change_property',4),(20,'Can delete property','delete_property',4),(21,'Can view user','view_user',3),(22,'Can add user','add_user',3),(23,'Can change user','change_user',3),(24,'Can delete user','delete_user',3),(36,'Can delete tax','delete_tax',9),(35,'Can change tax','change_tax',9),(34,'Can add tax','add_tax',9),(33,'Can view tax','view_tax',9);
/*!40000 ALTER TABLE `auth_permission` ENABLE KEYS */;
UNLOCK TABLES;

--
-- Table structure for table `auth_user`
--

DROP TABLE IF EXISTS `auth_user`;
/*!40101 SET @saved_cs_client     = @@character_set_client */;
/*!40101 SET character_set_client = utf8 */;
CREATE TABLE `auth_user` (
  `id` int(11) NOT NULL AUTO_INCREMENT,
  `username` varchar(30) NOT NULL,
  `firstname` varchar(30) NOT NULL,
  `lastname` varchar(30) NOT NULL,
  `contactnumber` varchar(30) NOT NULL,
  `email` varchar(75) NOT NULL,
  `password` varchar(128) NOT NULL,
  `active` tinyint(1) NOT NULL,
  `superuser` tinyint(1) NOT NULL,
  `lastlogin` datetime NOT NULL,
  `datejoined` datetime NOT NULL,
  `i_status` varchar(10) NOT NULL,
  PRIMARY KEY (`id`),
  UNIQUE KEY `email` (`email`)
) ENGINE=MyISAM AUTO_INCREMENT=10 DEFAULT CHARSET=latin1;
/*!40101 SET character_set_client = @saved_cs_client */;

--
-- Dumping data for table `auth_user`
--

LOCK TABLES `auth_user` WRITE;
/*!40000 ALTER TABLE `auth_user` DISABLE KEYS */;
INSERT INTO `auth_user` VALUES (1,'Kongluan Lin','Kongluan','Lin','','linkongluan@gmail.com','642841ac5168288de710c090272fdcba',1,1,'2012-08-21 04:59:17','2012-08-21 04:59:17','active'),(3,'Shane Dale','Shane','Dale','','shane@propertymode.com.au','1e113fa10ad2e32cac8043b85e99a88d',1,1,'2012-08-21 04:59:17','2012-08-21 04:59:17','active'),(4,'Sandra Macnaughton','Sandra','Macnaughton','','sandra@propertymode.com.au','a921e09118e627ef733a8cc7f3ce835c',1,1,'2012-08-21 04:59:17','2012-08-21 04:59:17','active'),(5,'Justin Hopley','justin','Hopley','','justin@propertymode.com.au','09d914bbbd32fa8145d374c2e82ef7b5',1,1,'2012-08-21 04:59:17','2012-08-21 04:59:17','active'),(6,'peterpeter','peter','peter','','p@p.com','83878c91171338902e0fe0fb97a8c47a',1,1,'2012-08-21 06:20:21','2012-08-21 06:20:21','active'),(7,'adriandinc','adrian','dinc','','adrian@surrondpix.com.au','f22571ad0aacace295ee3f8940aa7ac5',1,1,'2012-08-23 05:43:38','2012-08-23 05:43:38','active');
/*!40000 ALTER TABLE `auth_user` ENABLE KEYS */;
UNLOCK TABLES;

--
-- Table structure for table `auth_user_groups`
--

DROP TABLE IF EXISTS `auth_user_groups`;
/*!40101 SET @saved_cs_client     = @@character_set_client */;
/*!40101 SET character_set_client = utf8 */;
CREATE TABLE `auth_user_groups` (
  `id` int(11) NOT NULL AUTO_INCREMENT,
  `user_id` int(11) NOT NULL,
  `group_id` int(11) NOT NULL,
  PRIMARY KEY (`id`),
  UNIQUE KEY `user_id` (`user_id`,`group_id`),
  KEY `auth_user_groups_fbfc09f1` (`user_id`),
  KEY `auth_user_groups_bda51c3c` (`group_id`)
) ENGINE=MyISAM AUTO_INCREMENT=5 DEFAULT CHARSET=latin1;
/*!40101 SET character_set_client = @saved_cs_client */;

--
-- Dumping data for table `auth_user_groups`
--

LOCK TABLES `auth_user_groups` WRITE;
/*!40000 ALTER TABLE `auth_user_groups` DISABLE KEYS */;
/*!40000 ALTER TABLE `auth_user_groups` ENABLE KEYS */;
UNLOCK TABLES;

--
-- Table structure for table `auth_user_permissions`
--

DROP TABLE IF EXISTS `auth_user_permissions`;
/*!40101 SET @saved_cs_client     = @@character_set_client */;
/*!40101 SET character_set_client = utf8 */;
CREATE TABLE `auth_user_permissions` (
  `id` int(11) NOT NULL AUTO_INCREMENT,
  `user_id` int(11) NOT NULL,
  `permission_id` int(11) NOT NULL,
  PRIMARY KEY (`id`),
  UNIQUE KEY `user_id` (`user_id`,`permission_id`),
  KEY `auth_user_permissions_fbfc09f1` (`user_id`),
  KEY `auth_user_permissions_1e014c8f` (`permission_id`)
) ENGINE=MyISAM AUTO_INCREMENT=3 DEFAULT CHARSET=latin1;
/*!40101 SET character_set_client = @saved_cs_client */;

--
-- Dumping data for table `auth_user_permissions`
--

LOCK TABLES `auth_user_permissions` WRITE;
/*!40000 ALTER TABLE `auth_user_permissions` DISABLE KEYS */;
/*!40000 ALTER TABLE `auth_user_permissions` ENABLE KEYS */;
UNLOCK TABLES;

--
-- Table structure for table `citizen_citizen`
--

DROP TABLE IF EXISTS `citizen_citizen`;
/*!40101 SET @saved_cs_client     = @@character_set_client */;
/*!40101 SET character_set_client = utf8 */;
CREATE TABLE `citizen_citizen` (
  `id` int(11) NOT NULL AUTO_INCREMENT,
  `firstname` varchar(50) NOT NULL,
  `lastname` varchar(50) NOT NULL,
  `citizenid` int(11) NOT NULL,
  `i_status` varchar(10) NOT NULL,
  PRIMARY KEY (`id`),
  UNIQUE KEY `citizenid` (`citizenid`)
) ENGINE=MyISAM AUTO_INCREMENT=6 DEFAULT CHARSET=latin1;
/*!40101 SET character_set_client = @saved_cs_client */;

--
-- Dumping data for table `citizen_citizen`
--

LOCK TABLES `citizen_citizen` WRITE;
/*!40000 ALTER TABLE `citizen_citizen` DISABLE KEYS */;
INSERT INTO `citizen_citizen` VALUES (1,'Mark','Young',12345,'active'),(2,'Paul','Kennardy',510134,'active'),(3,'Bob','Smith',1001,'active'),(5,'Michael','Kay',30032,'active');
/*!40000 ALTER TABLE `citizen_citizen` ENABLE KEYS */;
UNLOCK TABLES;

--
-- Table structure for table `django_session`
--

DROP TABLE IF EXISTS `django_session`;
/*!40101 SET @saved_cs_client     = @@character_set_client */;
/*!40101 SET character_set_client = utf8 */;
CREATE TABLE `django_session` (
  `session_key` varchar(40) NOT NULL,
  `session_data` longtext NOT NULL,
  `expire_date` datetime NOT NULL,
  PRIMARY KEY (`session_key`),
  KEY `django_session_c25c2c28` (`expire_date`)
) ENGINE=MyISAM DEFAULT CHARSET=latin1;
/*!40101 SET character_set_client = @saved_cs_client */;

--
-- Dumping data for table `django_session`
--

LOCK TABLES `django_session` WRITE;
/*!40000 ALTER TABLE `django_session` DISABLE KEYS */;
INSERT INTO `django_session` VALUES ('b41341d2bda060bea4b11ee95a598a92','OGU3M2RjOGNmNzNmOGVhMGZlY2QzNGQ0MTczMmE5YWRkMzkwOTMyOTqAAn1xAVUEdXNlcnECY2Nv\ncHlfcmVnCl9yZWNvbnN0cnVjdG9yCnEDY2F1dGgubW9kZWxzClVzZXIKcQRjX19idWlsdGluX18K\nb2JqZWN0CnEFTodScQZ9cQcoVQh1c2VybmFtZXEIWAwAAABLb25nbHVhbiBMaW5VCXN1cGVydXNl\ncnEJiFUJZmlyc3RuYW1lcQpYCAAAAEtvbmdsdWFuVQhsYXN0bmFtZXELWAMAAABMaW5VCGlfc3Rh\ndHVzcQxYBgAAAGFjdGl2ZVUGX3N0YXRlcQ1jZGphbmdvLmRiLm1vZGVscy5iYXNlCk1vZGVsU3Rh\ndGUKcQ4pgXEPfXEQKFUGYWRkaW5ncRGJVQJkYnESVQdkZWZhdWx0cRN1YlUKZGF0ZWpvaW5lZHEU\nY2RhdGV0aW1lCmRhdGV0aW1lCnEVVQoH3AgVBDsRAAAAY3B5dHoKX1VUQwpxFilScReGUnEYVQVl\nbWFpbHEZWBUAAABsaW5rb25nbHVhbkBnbWFpbC5jb21VDWNvbnRhY3RudW1iZXJxGlgAAAAAVQls\nYXN0bG9naW5xG2gVVQoH3AgVBDsRAAAAaBeGUnEcVQZhY3RpdmVxHYhVCHBhc3N3b3JkcR5YIAAA\nADY0Mjg0MWFjNTE2ODI4OGRlNzEwYzA5MDI3MmZkY2JhVQJpZHEfigEBdWJzLg==\n','2012-09-18 23:04:10'),('e32b211419a6c321e29ebe8e92c3775d','ZDM3NDVhOGEwOGViMWZiN2IzYzAzNjVhODBkYmNhNGQ1ZjliOGI5MzqAAn1xAVUEdXNlcnECY2Nv\ncHlfcmVnCl9yZWNvbnN0cnVjdG9yCnEDY2F1dGgubW9kZWxzClVzZXIKcQRjX19idWlsdGluX18K\nb2JqZWN0CnEFTodScQZ9cQcoVQh1c2VybmFtZXEIWA0AAABKdXN0aW4gSG9wbGV5VQlzdXBlcnVz\nZXJxCYhVCWZpcnN0bmFtZXEKWAYAAABqdXN0aW5VCGxhc3RuYW1lcQtYBgAAAEhvcGxleVUIaV9z\ndGF0dXNxDFgGAAAAYWN0aXZlVQZfc3RhdGVxDWNkamFuZ28uZGIubW9kZWxzLmJhc2UKTW9kZWxT\ndGF0ZQpxDimBcQ99cRAoVQZhZGRpbmdxEYlVAmRicRJVB2RlZmF1bHRxE3ViVQpkYXRlam9pbmVk\ncRRjZGF0ZXRpbWUKZGF0ZXRpbWUKcRVVCgfcCBUEOxEAAABjcHl0egpfVVRDCnEWKVJxF4ZScRhV\nBWVtYWlscRlYGgAAAGp1c3RpbkBwcm9wZXJ0eW1vZGUuY29tLmF1VQ1jb250YWN0bnVtYmVycRpY\nAAAAAFUJbGFzdGxvZ2lucRtoFVUKB9wIFQQ7EQAAAGgXhlJxHFUGYWN0aXZlcR2IVQhwYXNzd29y\nZHEeWCAAAAAwOWQ5MTRiYmJkMzJmYTgxNDVkMzc0YzJlODJlZjdiNVUCaWRxH4oBBXVicy4=\n','2012-09-18 22:51:29'),('63100f433db9ea8b046061bd8c84b20e','ZWM1ZDFmYWNlNWNmOGExMWI4YjVmYjM1NjRlMjYzMjdjMTExYzlmNTqAAn1xAVUEdXNlcnECY2Nv\ncHlfcmVnCl9yZWNvbnN0cnVjdG9yCnEDY2F1dGgubW9kZWxzClVzZXIKcQRjX19idWlsdGluX18K\nb2JqZWN0CnEFTodScQZ9cQcoVQh1c2VybmFtZXEIWAoAAABwZXRlcnBldGVyVQlzdXBlcnVzZXJx\nCYhVCWZpcnN0bmFtZXEKWAUAAABwZXRlclUIbGFzdG5hbWVxC1gFAAAAcGV0ZXJVCGlfc3RhdHVz\ncQxYBgAAAGFjdGl2ZVUGX3N0YXRlcQ1jZGphbmdvLmRiLm1vZGVscy5iYXNlCk1vZGVsU3RhdGUK\ncQ4pgXEPfXEQKFUGYWRkaW5ncRGJVQJkYnESVQdkZWZhdWx0cRN1YlUKZGF0ZWpvaW5lZHEUY2Rh\ndGV0aW1lCmRhdGV0aW1lCnEVVQoH3AgVBhQVAAAAY3B5dHoKX1VUQwpxFilScReGUnEYVQVlbWFp\nbHEZWAcAAABwQHAuY29tVQ1jb250YWN0bnVtYmVycRpYAAAAAFUJbGFzdGxvZ2lucRtoFVUKB9wI\nFQYUFQAAAGgXhlJxHFUGYWN0aXZlcR2IVQhwYXNzd29yZHEeWCAAAAA4Mzg3OGM5MTE3MTMzODkw\nMmUwZmUwZmI5N2E4YzQ3YVUCaWRxH4oBBnVicy4=\n','2012-09-04 06:22:56'),('3b4788ffdb40b2c0768ac8812a101ce1','OGVkNTA0Y2E1OWVjNDNmZTFhNDM4YWUxZWY2MDFmMTFkMGQyMTc2MjqAAn1xAS4=\n','2012-09-04 07:00:23'),('9c4309e5401a746ffde412be5f32719b','OGU3M2RjOGNmNzNmOGVhMGZlY2QzNGQ0MTczMmE5YWRkMzkwOTMyOTqAAn1xAVUEdXNlcnECY2Nv\ncHlfcmVnCl9yZWNvbnN0cnVjdG9yCnEDY2F1dGgubW9kZWxzClVzZXIKcQRjX19idWlsdGluX18K\nb2JqZWN0CnEFTodScQZ9cQcoVQh1c2VybmFtZXEIWAwAAABLb25nbHVhbiBMaW5VCXN1cGVydXNl\ncnEJiFUJZmlyc3RuYW1lcQpYCAAAAEtvbmdsdWFuVQhsYXN0bmFtZXELWAMAAABMaW5VCGlfc3Rh\ndHVzcQxYBgAAAGFjdGl2ZVUGX3N0YXRlcQ1jZGphbmdvLmRiLm1vZGVscy5iYXNlCk1vZGVsU3Rh\ndGUKcQ4pgXEPfXEQKFUGYWRkaW5ncRGJVQJkYnESVQdkZWZhdWx0cRN1YlUKZGF0ZWpvaW5lZHEU\nY2RhdGV0aW1lCmRhdGV0aW1lCnEVVQoH3AgVBDsRAAAAY3B5dHoKX1VUQwpxFilScReGUnEYVQVl\nbWFpbHEZWBUAAABsaW5rb25nbHVhbkBnbWFpbC5jb21VDWNvbnRhY3RudW1iZXJxGlgAAAAAVQls\nYXN0bG9naW5xG2gVVQoH3AgVBDsRAAAAaBeGUnEcVQZhY3RpdmVxHYhVCHBhc3N3b3JkcR5YIAAA\nADY0Mjg0MWFjNTE2ODI4OGRlNzEwYzA5MDI3MmZkY2JhVQJpZHEfigEBdWJzLg==\n','2012-09-06 01:44:45');
/*!40000 ALTER TABLE `django_session` ENABLE KEYS */;
UNLOCK TABLES;

--
-- Table structure for table `jtax_assignedvalue`
--

DROP TABLE IF EXISTS `jtax_assignedvalue`;
/*!40101 SET @saved_cs_client     = @@character_set_client */;
/*!40101 SET character_set_client = utf8 */;
CREATE TABLE `jtax_assignedvalue` (
  `id` int(11) NOT NULL AUTO_INCREMENT,
  `PlotId` int(11) NOT NULL,
  `AssignedValueAmount` int(11) NOT NULL,
  `AssignedValueDateTime` datetime NOT NULL,
  `AssignedValueAmountCurrencey` varchar(4) NOT NULL,
  `AssignedValueStaffId` int(11) NOT NULL,
  `AssignedValueCitizenId` int(11) NOT NULL,
  `AssignedValueValidUntil` datetime NOT NULL,
  `AssignedValueOnHold` varchar(4) NOT NULL,
  PRIMARY KEY (`id`)
) ENGINE=MyISAM DEFAULT CHARSET=latin1;
/*!40101 SET character_set_client = @saved_cs_client */;

--
-- Dumping data for table `jtax_assignedvalue`
--

LOCK TABLES `jtax_assignedvalue` WRITE;
/*!40000 ALTER TABLE `jtax_assignedvalue` DISABLE KEYS */;
/*!40000 ALTER TABLE `jtax_assignedvalue` ENABLE KEYS */;
UNLOCK TABLES;

--
-- Table structure for table `jtax_declaredvalue`
--

DROP TABLE IF EXISTS `jtax_declaredvalue`;
/*!40101 SET @saved_cs_client     = @@character_set_client */;
/*!40101 SET character_set_client = utf8 */;
CREATE TABLE `jtax_declaredvalue` (
  `id` int(11) NOT NULL AUTO_INCREMENT,
  `PlotId` int(11) NOT NULL,
  `DeclairedValueCitizenId` int(11) NOT NULL,
  `DeclairedValueAmount` int(11) NOT NULL,
  `DeclairedValueAmountCurrencey` varchar(4) NOT NULL,
  `DeclairedValueDateTime` datetime NOT NULL,
  `DeclairedValueStaffId` int(11) NOT NULL,
  `DeclairedValueAccepted` varchar(4) NOT NULL,
  PRIMARY KEY (`id`)
) ENGINE=MyISAM AUTO_INCREMENT=6 DEFAULT CHARSET=latin1;
/*!40101 SET character_set_client = @saved_cs_client */;

--
-- Dumping data for table `jtax_declaredvalue`
--

LOCK TABLES `jtax_declaredvalue` WRITE;
/*!40000 ALTER TABLE `jtax_declaredvalue` DISABLE KEYS */;
INSERT INTO `jtax_declaredvalue` VALUES (1,2000,1,400000,'$AUS','2000-01-02 10:30:00',152,'true'),(2,2000,2,550000,'$AUS','2005-05-09 12:10:30',185,'true'),(3,3000,1,750000,'$AUS','2007-12-22 15:50:28',202,'true'),(4,1010,2,360000,'$AUS','2009-08-25 20:32:45',235,'true'),(5,1001,1,860000,'$AUS','2011-05-30 15:20:15',521,'true');
/*!40000 ALTER TABLE `jtax_declaredvalue` ENABLE KEYS */;
UNLOCK TABLES;

--
-- Table structure for table `jtax_declaredvaluemedia`
--

DROP TABLE IF EXISTS `jtax_declaredvaluemedia`;
/*!40101 SET @saved_cs_client     = @@character_set_client */;
/*!40101 SET character_set_client = utf8 */;
CREATE TABLE `jtax_declaredvaluemedia` (
  `id` int(11) NOT NULL AUTO_INCREMENT,
  `DeclaredValueId_id` int(11) NOT NULL,
  `DeclaredValueMediaType` varchar(4) NOT NULL,
  `DeclaredValueMediaFile` varchar(100) NOT NULL,
  `DelcaredValueMediaStaffId` int(11) NOT NULL,
  `DeclaredValueMediaDateTime` datetime NOT NULL,
  PRIMARY KEY (`id`),
  KEY `jtax_declaredvaluemedia_7a215869` (`DeclaredValueId_id`)
) ENGINE=MyISAM DEFAULT CHARSET=latin1;
/*!40101 SET character_set_client = @saved_cs_client */;

--
-- Dumping data for table `jtax_declaredvaluemedia`
--

LOCK TABLES `jtax_declaredvaluemedia` WRITE;
/*!40000 ALTER TABLE `jtax_declaredvaluemedia` DISABLE KEYS */;
/*!40000 ALTER TABLE `jtax_declaredvaluemedia` ENABLE KEYS */;
UNLOCK TABLES;

--
-- Table structure for table `jtax_declaredvaluenotes`
--

DROP TABLE IF EXISTS `jtax_declaredvaluenotes`;
/*!40101 SET @saved_cs_client     = @@character_set_client */;
/*!40101 SET character_set_client = utf8 */;
CREATE TABLE `jtax_declaredvaluenotes` (
  `id` int(11) NOT NULL AUTO_INCREMENT,
  `DeclaredValueId_id` int(11) NOT NULL,
  `DeclaredValueNoteStaffId` int(11) NOT NULL,
  `DeclaredValueNote` longtext NOT NULL,
  `DeclaredValueNoteDateTime` datetime NOT NULL,
  PRIMARY KEY (`id`),
  KEY `jtax_declaredvaluenotes_7a215869` (`DeclaredValueId_id`)
) ENGINE=MyISAM DEFAULT CHARSET=latin1;
/*!40101 SET character_set_client = @saved_cs_client */;

--
-- Dumping data for table `jtax_declaredvaluenotes`
--

LOCK TABLES `jtax_declaredvaluenotes` WRITE;
/*!40000 ALTER TABLE `jtax_declaredvaluenotes` DISABLE KEYS */;
/*!40000 ALTER TABLE `jtax_declaredvaluenotes` ENABLE KEYS */;
UNLOCK TABLES;

--
-- Table structure for table `jtax_landrentaltax`
--

DROP TABLE IF EXISTS `jtax_landrentaltax`;
/*!40101 SET @saved_cs_client     = @@character_set_client */;
/*!40101 SET character_set_client = utf8 */;
CREATE TABLE `jtax_landrentaltax` (
  `id` int(11) NOT NULL AUTO_INCREMENT,
  `PlotId` int(11) NOT NULL,
  PRIMARY KEY (`id`)
) ENGINE=MyISAM DEFAULT CHARSET=latin1;
/*!40101 SET character_set_client = @saved_cs_client */;

--
-- Dumping data for table `jtax_landrentaltax`
--

LOCK TABLES `jtax_landrentaltax` WRITE;
/*!40000 ALTER TABLE `jtax_landrentaltax` DISABLE KEYS */;
/*!40000 ALTER TABLE `jtax_landrentaltax` ENABLE KEYS */;
UNLOCK TABLES;

--
-- Table structure for table `jtax_landrentaltaxmedia`
--

DROP TABLE IF EXISTS `jtax_landrentaltaxmedia`;
/*!40101 SET @saved_cs_client     = @@character_set_client */;
/*!40101 SET character_set_client = utf8 */;
CREATE TABLE `jtax_landrentaltaxmedia` (
  `id` int(11) NOT NULL AUTO_INCREMENT,
  `LandRentalTaxId_id` int(11) NOT NULL,
  PRIMARY KEY (`id`),
  KEY `jtax_landrentaltaxmedia_7ac1ad2c` (`LandRentalTaxId_id`)
) ENGINE=MyISAM DEFAULT CHARSET=latin1;
/*!40101 SET character_set_client = @saved_cs_client */;

--
-- Dumping data for table `jtax_landrentaltaxmedia`
--

LOCK TABLES `jtax_landrentaltaxmedia` WRITE;
/*!40000 ALTER TABLE `jtax_landrentaltaxmedia` DISABLE KEYS */;
/*!40000 ALTER TABLE `jtax_landrentaltaxmedia` ENABLE KEYS */;
UNLOCK TABLES;

--
-- Table structure for table `jtax_landrentaltaxnotes`
--

DROP TABLE IF EXISTS `jtax_landrentaltaxnotes`;
/*!40101 SET @saved_cs_client     = @@character_set_client */;
/*!40101 SET character_set_client = utf8 */;
CREATE TABLE `jtax_landrentaltaxnotes` (
  `id` int(11) NOT NULL AUTO_INCREMENT,
  `LandRentalTaxId_id` int(11) NOT NULL,
  `LandRentalTaxNoteStaffId` int(11) NOT NULL,
  `LandRentalTaxNote` longtext NOT NULL,
  `LandRentalTaxNoteDateTime` datetime NOT NULL,
  PRIMARY KEY (`id`),
  KEY `jtax_landrentaltaxnotes_7ac1ad2c` (`LandRentalTaxId_id`)
) ENGINE=MyISAM DEFAULT CHARSET=latin1;
/*!40101 SET character_set_client = @saved_cs_client */;

--
-- Dumping data for table `jtax_landrentaltaxnotes`
--

LOCK TABLES `jtax_landrentaltaxnotes` WRITE;
/*!40000 ALTER TABLE `jtax_landrentaltaxnotes` DISABLE KEYS */;
/*!40000 ALTER TABLE `jtax_landrentaltaxnotes` ENABLE KEYS */;
UNLOCK TABLES;

--
-- Table structure for table `jtax_rentalincometax`
--

DROP TABLE IF EXISTS `jtax_rentalincometax`;
/*!40101 SET @saved_cs_client     = @@character_set_client */;
/*!40101 SET character_set_client = utf8 */;
CREATE TABLE `jtax_rentalincometax` (
  `id` int(11) NOT NULL AUTO_INCREMENT,
  `PlotId` int(11) NOT NULL,
  PRIMARY KEY (`id`)
) ENGINE=MyISAM DEFAULT CHARSET=latin1;
/*!40101 SET character_set_client = @saved_cs_client */;

--
-- Dumping data for table `jtax_rentalincometax`
--

LOCK TABLES `jtax_rentalincometax` WRITE;
/*!40000 ALTER TABLE `jtax_rentalincometax` DISABLE KEYS */;
/*!40000 ALTER TABLE `jtax_rentalincometax` ENABLE KEYS */;
UNLOCK TABLES;

--
-- Table structure for table `jtax_rentalincometaxnotes`
--

DROP TABLE IF EXISTS `jtax_rentalincometaxnotes`;
/*!40101 SET @saved_cs_client     = @@character_set_client */;
/*!40101 SET character_set_client = utf8 */;
CREATE TABLE `jtax_rentalincometaxnotes` (
  `id` int(11) NOT NULL AUTO_INCREMENT,
  `rentalIncomeTaxId_id` int(11) NOT NULL,
  PRIMARY KEY (`id`),
  KEY `jtax_rentalincometaxnotes_9fd1f59c` (`rentalIncomeTaxId_id`)
) ENGINE=MyISAM DEFAULT CHARSET=latin1;
/*!40101 SET character_set_client = @saved_cs_client */;

--
-- Dumping data for table `jtax_rentalincometaxnotes`
--

LOCK TABLES `jtax_rentalincometaxnotes` WRITE;
/*!40000 ALTER TABLE `jtax_rentalincometaxnotes` DISABLE KEYS */;
/*!40000 ALTER TABLE `jtax_rentalincometaxnotes` ENABLE KEYS */;
UNLOCK TABLES;

--
-- Table structure for table `log_log`
--

DROP TABLE IF EXISTS `log_log`;
/*!40101 SET @saved_cs_client     = @@character_set_client */;
/*!40101 SET character_set_client = utf8 */;
CREATE TABLE `log_log` (
  `id` int(11) NOT NULL AUTO_INCREMENT,
  `transactionid` int(11) NOT NULL,
  `userid` int(11) NOT NULL,
  `plotid` int(11) DEFAULT NULL,
  `tids` varchar(200) DEFAULT NULL,
  `username` varchar(100) NOT NULL,
  `table` varchar(100) DEFAULT NULL,
  `datetime` datetime NOT NULL,
  `olddata` varchar(1000) DEFAULT NULL,
  `newdata` varchar(1000) DEFAULT NULL,
  `message` varchar(1000) DEFAULT NULL,
  PRIMARY KEY (`id`)
) ENGINE=MyISAM AUTO_INCREMENT=190 DEFAULT CHARSET=latin1;
/*!40101 SET character_set_client = @saved_cs_client */;

--
-- Dumping data for table `log_log`
--

LOCK TABLES `log_log` WRITE;
/*!40000 ALTER TABLE `log_log` DISABLE KEYS */;
INSERT INTO `log_log` VALUES (1,1,1,NULL,NULL,'Kongluan Lin','auth_user','2012-08-21 06:20:30','','','view User [peterpeter]'),(2,2,1,NULL,NULL,'Kongluan Lin','auth_user','2012-08-21 06:20:35','{\'username\': u\'peterpeter\', \'superuser\': False, \'groups\': [], \'firstname\': u\'peter\', \'lastname\': u\'peter\', \'i_status\': u\'active\', \'datejoined\': \'2012-08-21 06:20:21\', \'email\': u\'p@p.com\', \'contactnumber\': u\'\', \'lastlogin\': \'2012-08-21 06:20:21\', \'active\': True, \'password\': u\'020e36ec80045462f13c33d190eb7b6f\', \'id\': 6L, \'permissions\': []}','{\'username\': u\'peterpeter\', \'superuser\': False, \'groups\': [], \'firstname\': u\'peter\', \'lastname\': u\'peter\', \'i_status\': u\'active\', \'datejoined\': \'2012-08-21 06:20:21\', \'email\': u\'p@p.com\', \'contactnumber\': u\'\', \'lastlogin\': \'2012-08-21 06:20:21\', \'active\': True, \'password\': \'83878c91171338902e0fe0fb97a8c47a\', \'id\': 6L, \'permissions\': []}',' change password from \'020e36ec80045462f13c33d190eb7b6f\' to \'83878c91171338902e0fe0fb97a8c47a\' on User [peterpeter]'),(3,3,5,NULL,NULL,'justin Hopley','auth_user','2012-08-23 05:43:46','','','view User [adriandinc]'),(4,4,5,NULL,NULL,'justin Hopley','auth_user','2012-08-23 05:43:54','{\'username\': u\'adriandinc\', \'superuser\': False, \'groups\': [2L], \'firstname\': u\'adrian\', \'lastname\': u\'dinc\', \'i_status\': u\'active\', \'datejoined\': \'2012-08-23 05:43:38\', \'email\': u\'adrian@surrondpix.com.au\', \'contactnumber\': u\'\', \'lastlogin\': \'2012-08-23 05:43:38\', \'active\': True, \'password\': u\'66e5780a22508bad65b615ca6c4d709d\', \'id\': 7L, \'permissions\': []}','{\'username\': u\'adriandinc\', \'superuser\': True, \'groups\': [2L], \'firstname\': u\'adrian\', \'lastname\': u\'dinc\', \'i_status\': u\'active\', \'datejoined\': \'2012-08-23 05:43:38\', \'email\': u\'adrian@surrondpix.com.au\', \'contactnumber\': u\'\', \'lastlogin\': \'2012-08-23 05:43:38\', \'active\': True, \'password\': \'f22571ad0aacace295ee3f8940aa7ac5\', \'id\': 7L, \'permissions\': []}',' change superuser from \'False\' to \'True\', change password from \'66e5780a22508bad65b615ca6c4d709d\' to \'f22571ad0aacace295ee3f8940aa7ac5\' on User [adriandinc]'),(5,5,1,NULL,NULL,'Kongluan Lin','property_property','2012-08-23 07:13:52','','{\'i_status\': \'active\', \'citizens\': [], \'plotid\': 8221, \'suburb\': u\'Parramatta\', \'streetno\': 152, \'boundary\': 83L, \'id\': 83L, \'streetname\': u\'Little Street\'}','add Property [152 Little Street, Parramatta]'),(6,6,1,NULL,NULL,'Kongluan Lin','auth_group','2012-08-24 04:46:04','','','view Group [testgroup3]'),(7,7,1,NULL,NULL,'Kongluan Lin','auth_group','2012-08-24 04:46:11','{\'i_status\': u\'active\', \'permissions\': [19L, 20L, 21L], \'id\': 3L, \'name\': u\'testgroup3\'}','{\'i_status\': u\'active\', \'permissions\': [19L, 20L], \'id\': 3L, \'name\': u\'testgroup3\'}',' remove permissions [\'Can view user\'] on Group [testgroup3]'),(8,8,1,NULL,NULL,'Kongluan Lin','auth_user','2012-08-24 04:51:33','','','view User [WongLee]'),(9,9,1,NULL,NULL,'Kongluan Lin','auth_user','2012-08-24 04:52:10','{\'username\': u\'WongLee\', \'superuser\': False, \'groups\': [], \'firstname\': u\'Wong\', \'lastname\': u\'Lee\', \'i_status\': u\'active\', \'datejoined\': \'2012-08-24 04:50:23\', \'email\': u\'wlee@gmail.com\', \'contactnumber\': u\'\', \'lastlogin\': \'2012-08-24 04:50:23\', \'active\': True, \'password\': u\'c1ba3a655c3707af46e1d22daacd7a18\', \'id\': 8L, \'permissions\': []}','{\'username\': u\'WongLee\', \'superuser\': False, \'groups\': [], \'firstname\': u\'Wong\', \'lastname\': u\'Lee\', \'i_status\': u\'active\', \'datejoined\': \'2012-08-24 04:50:23\', \'email\': u\'wlee@gmail.com\', \'contactnumber\': u\'\', \'lastlogin\': \'2012-08-24 04:50:23\', \'active\': True, \'password\': \'76f5d947149185d77a1fa1a114b3fb30\', \'id\': 8L, \'permissions\': []}',' change password from \'c1ba3a655c3707af46e1d22daacd7a18\' to \'76f5d947149185d77a1fa1a114b3fb30\' on User [WongLee]'),(10,10,1,NULL,NULL,'Kongluan Lin','citizen_citizen','2012-08-24 04:59:01','','','view Citizen [Mark Tong]'),(11,11,1,NULL,NULL,'Kongluan Lin','citizen_citizen','2012-08-24 05:00:28','','','view Citizen [Mark Tong]'),(12,12,1,NULL,NULL,'Kongluan Lin','citizen_citizen','2012-08-24 05:02:36','','','view Citizen [Mark Tong]'),(13,13,1,NULL,NULL,'Kongluan Lin','citizen_citizen','2012-08-24 05:07:29','','','view Citizen [Mark Tong]'),(14,14,1,NULL,NULL,'Kongluan Lin','citizen_citizen','2012-08-24 05:08:55','','','view Citizen [Mark Tong]'),(15,15,1,NULL,NULL,'Kongluan Lin','citizen_citizen','2012-08-24 05:51:59','','','view Citizen [Mark Tong]'),(16,16,1,NULL,NULL,'Kongluan Lin','property_property','2012-08-24 05:58:13','','{\'i_status\': \'active\', \'citizens\': [], \'plotid\': 5555, \'suburb\': u\'Chatswood\', \'streetno\': 230, \'boundary\': 84L, \'id\': 84L, \'streetname\': u\'Auburn Road\'}','add Property [230 Auburn Road, Chatswood]'),(17,17,1,NULL,NULL,'Kongluan Lin','auth_group','2012-08-24 06:36:17','','','delete Group [test group 4]'),(18,18,1,NULL,NULL,'Kongluan Lin','auth_group','2012-08-24 06:38:03','','','User[Kongluan Lin] delete Group [test group 3]'),(19,19,1,NULL,NULL,'Kongluan Lin','auth_group','2012-08-24 06:39:12','','','User[Kongluan Lin] add Group [test group 3]'),(20,20,1,NULL,NULL,'Kongluan Lin','auth_group','2012-08-24 06:45:09','','','User[Kongluan Lin] view Group [test group 3]'),(21,21,1,NULL,NULL,'Kongluan Lin','auth_group','2012-08-24 06:45:37','{\'i_status\': u\'active\', \'permissions\': [9L, 10L, 11L], \'id\': 6L, \'name\': u\'test group 3\'}','{\'i_status\': u\'active\', \'permissions\': [9L, 10L], \'id\': 6L, \'name\': u\'test group 3\'}','User[Kongluan Lin]  remove permissions [\'Can change log\'] on Group [test group 3]'),(22,22,1,NULL,NULL,'Kongluan Lin','auth_group','2012-08-24 06:46:25','','','User[Kongluan Lin] delete Group [test group 3]'),(23,23,1,NULL,NULL,'Kongluan Lin','auth_user','2012-08-24 06:58:24','','','User[Kongluan Lin] delete User [Peter Wang]'),(24,24,1,NULL,NULL,'Kongluan Lin','auth_user','2012-08-24 06:59:35','','','User[Kongluan Lin] add User [PeterWang]'),(25,25,1,NULL,NULL,'Kongluan Lin','auth_user','2012-08-24 06:59:57','','','User[Kongluan Lin] view User [PeterWang]'),(26,26,1,NULL,NULL,'Kongluan Lin','auth_user','2012-08-24 07:00:27','{\'username\': u\'PeterWang\', \'superuser\': False, \'groups\': [], \'firstname\': u\'Peter\', \'lastname\': u\'Wang\', \'i_status\': u\'active\', \'datejoined\': \'2012-08-24 06:59:35\', \'email\': u\'p@wang.com\', \'contactnumber\': u\'\', \'lastlogin\': \'2012-08-24 06:59:35\', \'active\': True, \'password\': u\'aed285a479e32849b2d2c2a99b7d93d4\', \'id\': 9L, \'permissions\': []}','{\'username\': u\'PetersWang\', \'superuser\': False, \'groups\': [2L], \'firstname\': u\'Peters\', \'lastname\': u\'Wang\', \'i_status\': u\'active\', \'datejoined\': \'2012-08-24 06:59:35\', \'email\': u\'p@wang.com\', \'contactnumber\': u\'\', \'lastlogin\': \'2012-08-24 06:59:35\', \'active\': True, \'password\': \'83878c91171338902e0fe0fb97a8c47a\', \'id\': 9L, \'permissions\': []}','User[Kongluan Lin]  change username from \'PeterWang\' to \'PetersWang\', change firstname from \'Peter\' to \'Peters\', associate with groups [\'dev\'], change password from \'aed285a479e32849b2d2c2a99b7d93d4\' to \'83878c91171338902e0fe0fb97a8c47a\' on User [PetersWang]'),(27,27,1,NULL,NULL,'Kongluan Lin','citizen_citizen','2012-08-24 07:07:18','','','User[Kongluan Lin] add Citizen [Paul Kennardy]'),(28,28,1,NULL,NULL,'Kongluan Lin','citizen_citizen','2012-08-24 07:09:38','','','User[Kongluan Lin] view Citizen [Paul Kennardy]'),(29,29,1,NULL,NULL,'Kongluan Lin','citizen_citizen','2012-08-24 07:09:45','{\'lastname\': u\'Kennardy\', \'i_status\': u\'active\', \'citizenid\': 510132L, \'id\': 2L, \'firstname\': u\'Paul\'}','{\'lastname\': u\'Kennardy\', \'i_status\': u\'active\', \'citizenid\': 510134, \'id\': 2L, \'firstname\': u\'Paul\'}','User[Kongluan Lin]  change citizenid from \'510132\' to \'510134\' on Citizen [Paul Kennardy]'),(30,30,1,NULL,NULL,'Kongluan Lin','property_property','2012-08-24 07:16:04','','','User[Kongluan Lin] add Property [239 Auburn Road, Chatswood]'),(31,31,1,NULL,NULL,'Kongluan Lin','auth_user','2012-08-26 23:05:09','','','User[Kongluan Lin] '),(32,32,1,NULL,NULL,'Kongluan Lin','auth_user','2012-08-26 23:06:11','','','User[Kongluan Lin] '),(33,33,1,NULL,NULL,'Kongluan Lin','auth_user','2012-08-26 23:06:34','','','User[Kongluan Lin] logout'),(34,34,1,NULL,NULL,'Kongluan Lin','auth_user','2012-08-26 23:06:59','','','User[Kongluan Lin] login'),(35,35,1,NULL,NULL,'Kongluan Lin','auth_user','2012-08-27 07:17:50','','','User[Kongluan Lin] logout'),(36,36,1,NULL,NULL,'Kongluan Lin','auth_user','2012-08-27 22:44:26','','','User[Kongluan Lin] login'),(37,37,5,NULL,NULL,'justin Hopley','auth_user','2012-08-28 04:03:17','','','User[justin Hopley] login'),(38,38,1,NULL,NULL,'Kongluan Lin','citizen_citizen','2012-08-28 04:35:39','','','User[Kongluan Lin] view Citizen [Mark Tong]'),(39,39,1,NULL,NULL,'Kongluan Lin','citizen_citizen','2012-08-28 04:35:45','','','User[Kongluan Lin] view Citizen [Mark Tong]'),(40,40,1,NULL,NULL,'Kongluan Lin','auth_group','2012-08-28 04:39:01','','','User[Kongluan Lin] view Group [dev]'),(41,41,1,NULL,NULL,'Kongluan Lin','auth_group','2012-08-28 04:40:16','','','User[Kongluan Lin] view Group [dev]'),(42,42,1,NULL,NULL,'Kongluan Lin','auth_group','2012-08-28 04:40:23','','','User[Kongluan Lin] view Group [dev]'),(43,43,1,NULL,NULL,'Kongluan Lin','auth_group','2012-08-28 04:42:00','','','User[Kongluan Lin] delete Group [dev]'),(44,44,1,NULL,NULL,'Kongluan Lin','auth_group','2012-08-28 04:43:00','','','User[Kongluan Lin] view Group [testgroup]'),(45,45,1,NULL,NULL,'Kongluan Lin','auth_group','2012-08-28 04:49:29','','','User[Kongluan Lin] add Group [dev1]'),(46,46,1,NULL,NULL,'Kongluan Lin','auth_user','2012-08-28 04:53:26','','','User[Kongluan Lin] view User [PetersWang]'),(47,47,1,NULL,NULL,'Kongluan Lin','auth_user','2012-08-28 04:53:36','','','User[Kongluan Lin] view User [PetersWang]'),(48,48,1,NULL,NULL,'Kongluan Lin','auth_user','2012-08-28 04:53:47','','','User[Kongluan Lin] view User [PetersWang]'),(49,49,1,NULL,NULL,'Kongluan Lin','auth_user','2012-08-28 04:54:41','','','User[Kongluan Lin] delete User [PetersWang]'),(50,50,1,NULL,NULL,'Kongluan Lin','auth_user','2012-08-28 05:04:46','','','User[Kongluan Lin] logout'),(51,51,1,NULL,NULL,'Kongluan Lin','auth_user','2012-08-28 05:04:57','','','User[Kongluan Lin] login'),(52,52,5,NULL,NULL,'justin Hopley','auth_user','2012-08-29 06:52:45','','','User[justin Hopley] logout'),(53,53,5,NULL,NULL,'justin Hopley','auth_user','2012-08-29 06:57:46','','','User[justin Hopley] login'),(54,54,1,NULL,NULL,'Kongluan Lin','auth_user','2012-09-02 22:55:59','','','User[Kongluan Lin] logout'),(55,55,1,NULL,NULL,'Kongluan Lin','auth_user','2012-09-02 22:56:13','','','User[Kongluan Lin] login'),(56,56,1,NULL,NULL,'Kongluan Lin','auth_user','2012-09-02 23:40:45','','','User[Kongluan Lin] logout'),(57,57,1,NULL,NULL,'Kongluan Lin','auth_user','2012-09-02 23:43:06','','','User[Kongluan Lin] login'),(58,58,1,NULL,NULL,'Kongluan Lin','auth_user','2012-09-02 23:43:35','','','User[Kongluan Lin] logout'),(59,59,1,NULL,NULL,'Kongluan Lin','auth_user','2012-09-02 23:46:20','','','User[Kongluan Lin] login'),(60,60,1,NULL,NULL,'Kongluan Lin','auth_user','2012-09-02 23:46:34','','','User[Kongluan Lin] logout'),(61,61,1,NULL,NULL,'Kongluan Lin','auth_user','2012-09-02 23:52:09','','','User[Kongluan Lin] login'),(62,62,1,NULL,NULL,'Kongluan Lin','auth_user','2012-09-03 07:21:08','','','User[Kongluan Lin] logout'),(63,63,1,NULL,NULL,'Kongluan Lin','auth_user','2012-09-03 23:46:26','','','User[Kongluan Lin] login'),(64,64,1,NULL,NULL,'Kongluan Lin','property_property','2012-09-03 23:51:32','','','User[Kongluan Lin] add Property [135 Little Street, Parramatta]'),(65,65,1,NULL,NULL,'Kongluan Lin','property_property','2012-09-03 23:53:44','','','User[Kongluan Lin] add Property [137 Little Street, Parramatta]'),(66,66,1,NULL,NULL,'Kongluan Lin','property_property','2012-09-03 23:54:53','','','User[Kongluan Lin] add Property [139 Little Street, Parramatta]'),(67,67,1,NULL,NULL,'Kongluan Lin','property_property','2012-09-03 23:55:36','','','User[Kongluan Lin] add Property [141 Little Street, Parramatta]'),(68,68,1,NULL,NULL,'Kongluan Lin','property_property','2012-09-03 23:57:36','','','User[Kongluan Lin] add Property [143 Little Street, Parramatta]'),(69,69,1,NULL,NULL,'Kongluan Lin','property_property','2012-09-03 23:58:32','','','User[Kongluan Lin] add Property [145 Little Street, Parramatta]'),(70,70,1,NULL,NULL,'Kongluan Lin','property_property','2012-09-04 00:01:46','','','User[Kongluan Lin] add Property [1 Eagle Street, Parramatta]'),(71,71,1,NULL,NULL,'Kongluan Lin','property_property','2012-09-04 00:02:28','','','User[Kongluan Lin] add Property [2 Eagle Street, Parramatta]'),(72,72,1,NULL,NULL,'Kongluan Lin','property_property','2012-09-04 00:04:14','','','User[Kongluan Lin] add Property [3 Eagle Street, Parramatta]'),(73,73,1,NULL,NULL,'Kongluan Lin','property_property','2012-09-04 00:05:29','','','User[Kongluan Lin] add Property [4 Eagle Street, Parramatta]'),(74,74,1,NULL,NULL,'Kongluan Lin','property_property','2012-09-04 00:06:07','','','User[Kongluan Lin] add Property [5 Eagle Street, Parramatta]'),(75,75,1,NULL,NULL,'Kongluan Lin','property_property','2012-09-04 00:06:56','','','User[Kongluan Lin] add Property [6 Eagle Street, Parramatta]'),(76,76,1,NULL,NULL,'Kongluan Lin','property_property','2012-09-04 00:07:46','','','User[Kongluan Lin] add Property [7 Eagle Street, Parramatta]'),(77,77,1,NULL,NULL,'Kongluan Lin','property_property','2012-09-04 00:13:20','','','User[Kongluan Lin] add Property [9 Eagle Street, Parramatta]'),(78,78,1,NULL,NULL,'Kongluan Lin','property_property','2012-09-04 00:14:15','','','User[Kongluan Lin] add Property [11 Eagle Street, Parramatta]'),(79,79,1,NULL,NULL,'Kongluan Lin','property_property','2012-09-04 00:14:54','','','User[Kongluan Lin] add Property [13 Eagle Street, Parramatta]'),(80,80,1,NULL,NULL,'Kongluan Lin','property_property','2012-09-04 00:15:44','','','User[Kongluan Lin] add Property [14 Eagle Street, Parramatta]'),(81,81,1,NULL,NULL,'Kongluan Lin','property_property','2012-09-04 00:18:12','','','User[Kongluan Lin] add Property [15 Eagle Street, Parramatta]'),(82,82,1,NULL,NULL,'Kongluan Lin','property_property','2012-09-04 00:18:56','','','User[Kongluan Lin] add Property [16 Eagle Street, Parramatta]'),(83,83,1,NULL,NULL,'Kongluan Lin','property_property','2012-09-04 00:20:48','','','User[Kongluan Lin] add Property [147 Little Street, Parramatta]'),(84,84,1,NULL,NULL,'Kongluan Lin','property_property','2012-09-04 00:21:46','','','User[Kongluan Lin] add Property [148 Little Street, Parramatta]'),(85,85,1,NULL,NULL,'Kongluan Lin','property_property','2012-09-04 00:22:43','','','User[Kongluan Lin] add Property [149 Little Street, Parramatta]'),(86,86,1,NULL,NULL,'Kongluan Lin','property_property','2012-09-04 00:23:44','','','User[Kongluan Lin] add Property [153 Little Street, Parramatta]'),(87,87,1,NULL,NULL,'Kongluan Lin','property_property','2012-09-04 00:27:19','','','User[Kongluan Lin] add Property [1 Dixon Street, Parramatta]'),(88,88,1,NULL,NULL,'Kongluan Lin','property_property','2012-09-04 00:28:49','','','User[Kongluan Lin] add Property [2 Dixon Street, Glebe]'),(89,89,1,NULL,NULL,'Kongluan Lin','property_property','2012-09-04 00:29:40','','','User[Kongluan Lin] add Property [3 Dixon Street, Parramatta]'),(90,90,1,NULL,NULL,'Kongluan Lin','property_property','2012-09-04 00:30:25','','','User[Kongluan Lin] add Property [4 Dixon Street, Glebe]'),(91,91,1,NULL,NULL,'Kongluan Lin','property_property','2012-09-04 00:31:35','','','User[Kongluan Lin] add Property [5 Dixon Street, Glebe]'),(92,92,1,NULL,NULL,'Kongluan Lin','property_property','2012-09-04 00:36:13','','','User[Kongluan Lin] add Property [6 Dixon Street, Glebe]'),(93,93,1,NULL,NULL,'Kongluan Lin','property_property','2012-09-04 00:40:50','','','User[Kongluan Lin] add Property [10 York Street, Petersham]'),(94,94,1,NULL,NULL,'Kongluan Lin','property_property','2012-09-04 00:42:02','','','User[Kongluan Lin] add Property [12 York Street, Petersham]'),(95,95,1,NULL,NULL,'Kongluan Lin','property_property','2012-09-04 00:43:10','','','User[Kongluan Lin] add Property [13 York Street, Petersham]'),(96,96,1,NULL,NULL,'Kongluan Lin','property_property','2012-09-04 00:48:23','','','User[Kongluan Lin] add Property [13 Harold Street, Glebe]'),(97,97,1,NULL,NULL,'Kongluan Lin','property_property','2012-09-04 00:49:02','','','User[Kongluan Lin] add Property [14 Harold Street, Glebe]'),(98,98,1,NULL,NULL,'Kongluan Lin','property_property','2012-09-04 00:51:51','','','User[Kongluan Lin] add Property [4 Paul Street, Ashfield]'),(99,99,1,NULL,NULL,'Kongluan Lin','property_property','2012-09-04 01:07:06','','','User[Kongluan Lin] add Property [1 Church Street, Atarmon]'),(100,100,1,NULL,NULL,'Kongluan Lin','property_property','2012-09-04 01:08:00','','','User[Kongluan Lin] add Property [2 Church Street, Atarmon]'),(101,101,1,NULL,NULL,'Kongluan Lin','property_property','2012-09-04 01:08:31','','','User[Kongluan Lin] add Property [3 Church Street, Atarmon]'),(102,102,1,NULL,NULL,'Kongluan Lin','property_property','2012-09-04 01:09:13','','','User[Kongluan Lin] add Property [4 Church Street, Atarmon]'),(103,103,1,NULL,NULL,'Kongluan Lin','property_property','2012-09-04 01:10:53','','','User[Kongluan Lin] add Property [5 Church Street, Atarmon]'),(104,104,1,NULL,NULL,'Kongluan Lin','property_property','2012-09-04 01:11:19','','','User[Kongluan Lin] add Property [6 Church Street, Atarmon]'),(105,105,1,NULL,NULL,'Kongluan Lin','property_property','2012-09-04 01:11:53','','','User[Kongluan Lin] add Property [7 Church Street, Atarmon]'),(106,106,1,NULL,NULL,'Kongluan Lin','property_property','2012-09-04 01:12:36','','','User[Kongluan Lin] add Property [8 Church Street, Atarmon]'),(107,107,1,NULL,NULL,'Kongluan Lin','property_property','2012-09-04 01:15:33','','','User[Kongluan Lin] add Property [50 Croydon Road, Atarmon]'),(108,108,1,NULL,NULL,'Kongluan Lin','property_property','2012-09-04 01:16:11','','','User[Kongluan Lin] add Property [51 Croydon Road, Atarmon]'),(109,109,1,NULL,NULL,'Kongluan Lin','property_property','2012-09-04 01:16:48','','','User[Kongluan Lin] add Property [15 Croydon Road, Atarmon]'),(110,110,1,NULL,NULL,'Kongluan Lin','property_property','2012-09-04 01:30:46','','','User[Kongluan Lin] add Property [7 Dixon Street, Glebe]'),(111,111,5,NULL,NULL,'justin Hopley','citizen_citizen','2012-09-04 01:32:17','','','User[justin Hopley] add Citizen [Bob Smith]'),(112,112,1,NULL,NULL,'Kongluan Lin','property_property','2012-09-04 01:33:22','','','User[Kongluan Lin] add Property [8 Dixon Street, Glebe]'),(113,113,1,NULL,NULL,'Kongluan Lin','property_property','2012-09-04 01:34:34','','','User[Kongluan Lin] add Property [9 Dixon Street, Glebe]'),(114,114,1,NULL,NULL,'Kongluan Lin','property_property','2012-09-04 01:35:14','','','User[Kongluan Lin] add Property [9 Dixon Street, Glebe]'),(115,115,1,NULL,NULL,'Kongluan Lin','property_property','2012-09-04 01:36:24','','','User[Kongluan Lin] add Property [11 Dixon Street, Glebe]'),(116,116,1,NULL,NULL,'Kongluan Lin','property_property','2012-09-04 01:37:03','','','User[Kongluan Lin] add Property [12 Dixon Street, Glebe]'),(117,117,1,NULL,NULL,'Kongluan Lin','property_property','2012-09-04 01:38:49','','','User[Kongluan Lin] add Property [1 Gordon Avenue, Glebe]'),(118,118,1,NULL,NULL,'Kongluan Lin','property_property','2012-09-04 01:39:18','','','User[Kongluan Lin] add Property [2 Gordon Avenue, Glebe]'),(119,119,1,NULL,NULL,'Kongluan Lin','property_property','2012-09-04 01:39:54','','','User[Kongluan Lin] add Property [3 Gordon Avenue, Glebe]'),(120,120,1,NULL,NULL,'Kongluan Lin','property_property','2012-09-04 01:41:43','','','User[Kongluan Lin] add Property [4 Gordon Avenue, Glebe]'),(121,121,1,NULL,NULL,'Kongluan Lin','property_property','2012-09-04 01:42:35','','','User[Kongluan Lin] add Property [5 Gordon Avenue, Glebe]'),(122,122,1,NULL,NULL,'Kongluan Lin','property_property','2012-09-04 01:43:04','','','User[Kongluan Lin] add Property [6 Gordon Avenue, Glebe]'),(123,123,1,NULL,NULL,'Kongluan Lin','property_property','2012-09-04 01:44:04','','','User[Kongluan Lin] add Property [7 Gordon Avenue, Glebe]'),(124,124,1,NULL,NULL,'Kongluan Lin','property_property','2012-09-04 01:44:45','','','User[Kongluan Lin] add Property [8 Gordon Avenue, Glebe]'),(125,125,1,NULL,NULL,'Kongluan Lin','property_property','2012-09-04 01:45:08','','','User[Kongluan Lin] add Property [9 Gordon Avenue, Glebe]'),(126,126,1,NULL,NULL,'Kongluan Lin','property_property','2012-09-04 01:46:03','','','User[Kongluan Lin] add Property [10 Gordon Avenue, Glebe]'),(127,127,1,NULL,NULL,'Kongluan Lin','property_property','2012-09-04 01:46:32','','','User[Kongluan Lin] add Property [11 Gordon Avenue, Glebe]'),(128,128,1,NULL,NULL,'Kongluan Lin','property_property','2012-09-04 01:47:07','','','User[Kongluan Lin] add Property [11 Gordon Avenue, Glebe]'),(129,129,1,NULL,NULL,'Kongluan Lin','property_property','2012-09-04 01:48:15','','','User[Kongluan Lin] add Property [13 Gordon Avenue, Glebe]'),(130,130,1,NULL,NULL,'Kongluan Lin','property_property','2012-09-04 01:48:38','','','User[Kongluan Lin] add Property [14 Gordon Avenue, Glebe]'),(131,131,1,NULL,NULL,'Kongluan Lin','property_property','2012-09-04 01:49:08','','','User[Kongluan Lin] add Property [15 Gordon Avenue, Glebe]'),(132,132,1,NULL,NULL,'Kongluan Lin','property_property','2012-09-04 01:51:01','','','User[Kongluan Lin] add Property [1 Elezebeth Street, Glebe]'),(133,133,1,NULL,NULL,'Kongluan Lin','property_property','2012-09-04 01:51:22','','','User[Kongluan Lin] add Property [2 Elezebeth Street, Glebe]'),(134,134,1,NULL,NULL,'Kongluan Lin','property_property','2012-09-04 01:51:44','','','User[Kongluan Lin] add Property [3 Elezebeth Street, Glebe]'),(135,135,1,NULL,NULL,'Kongluan Lin','property_property','2012-09-04 01:52:26','','','User[Kongluan Lin] add Property [4 Elezebeth Street, Glebe]'),(136,136,1,NULL,NULL,'Kongluan Lin','property_property','2012-09-04 01:53:00','','','User[Kongluan Lin] add Property [5 Elezebeth Street, Glebe]'),(137,137,1,NULL,NULL,'Kongluan Lin','property_property','2012-09-04 01:53:26','','','User[Kongluan Lin] add Property [6 Elezebeth Street, Glebe]'),(138,138,1,NULL,NULL,'Kongluan Lin','property_property','2012-09-04 01:53:51','','','User[Kongluan Lin] add Property [7 Elezebeth Street, Glebe]'),(139,139,1,NULL,NULL,'Kongluan Lin','property_property','2012-09-04 01:54:15','','','User[Kongluan Lin] add Property [8 Elezebeth Street, Glebe]'),(140,140,1,NULL,NULL,'Kongluan Lin','property_property','2012-09-04 01:57:39','','','User[Kongluan Lin] add Property [14 York Street, Petersham]'),(141,141,1,NULL,NULL,'Kongluan Lin','property_property','2012-09-04 01:58:20','','','User[Kongluan Lin] add Property [15 York Street, Petersham]'),(142,142,1,NULL,NULL,'Kongluan Lin','property_property','2012-09-04 01:59:21','','','User[Kongluan Lin] add Property [16 York Street, Petersham]'),(143,143,1,NULL,NULL,'Kongluan Lin','property_property','2012-09-04 02:00:08','','','User[Kongluan Lin] add Property [16 York Street, Petersham]'),(144,144,1,NULL,NULL,'Kongluan Lin','property_property','2012-09-04 02:00:42','','','User[Kongluan Lin] add Property [17 York Street, Petersham]'),(145,145,1,NULL,NULL,'Kongluan Lin','property_property','2012-09-04 02:01:28','','','User[Kongluan Lin] add Property [18 York Street, Petersham]'),(146,146,1,NULL,NULL,'Kongluan Lin','property_property','2012-09-04 02:02:27','','','User[Kongluan Lin] add Property [1 Swan Avenue, Petersham]'),(147,147,1,NULL,NULL,'Kongluan Lin','property_property','2012-09-04 02:03:07','','','User[Kongluan Lin] add Property [2 Swan Avenue, Petersham]'),(148,148,1,NULL,NULL,'Kongluan Lin','property_property','2012-09-04 02:03:39','','','User[Kongluan Lin] add Property [3 Swan Avenue, Petersham]'),(149,149,1,NULL,NULL,'Kongluan Lin','property_property','2012-09-04 02:04:22','','','User[Kongluan Lin] add Property [4 York Street, Petersham]'),(150,150,1,NULL,NULL,'Kongluan Lin','property_property','2012-09-04 02:04:59','','','User[Kongluan Lin] add Property [5 Swan Avenue, Petersham]'),(151,151,1,NULL,NULL,'Kongluan Lin','property_property','2012-09-04 02:06:12','','','User[Kongluan Lin] add Property [6 Swan Avenue, Petersham]'),(152,152,1,NULL,NULL,'Kongluan Lin','property_property','2012-09-04 02:06:47','','','User[Kongluan Lin] add Property [7 Swan Avenue, Petersham]'),(153,153,1,NULL,NULL,'Kongluan Lin','property_property','2012-09-04 02:07:34','','','User[Kongluan Lin] add Property [8 Swan Avenue, Petersham]'),(154,154,1,NULL,NULL,'Kongluan Lin','property_property','2012-09-04 02:08:08','','','User[Kongluan Lin] add Property [9 Swan Avenue, Petersham]'),(155,155,1,NULL,NULL,'Kongluan Lin','property_property','2012-09-04 02:08:49','','','User[Kongluan Lin] add Property [10 Swan Avenue, Petersham]'),(156,156,1,NULL,NULL,'Kongluan Lin','property_property','2012-09-04 02:09:26','','','User[Kongluan Lin] add Property [11 Swan Avenue, Petersham]'),(157,157,1,NULL,NULL,'Kongluan Lin','property_property','2012-09-04 02:09:53','','','User[Kongluan Lin] add Property [12 Swan Avenue, Petersham]'),(158,158,1,NULL,NULL,'Kongluan Lin','property_property','2012-09-04 02:12:20','','','User[Kongluan Lin] add Property [101 Cleveland Steet, Petersham]'),(159,159,1,NULL,NULL,'Kongluan Lin','property_property','2012-09-04 02:12:54','','','User[Kongluan Lin] add Property [102 Cleveland Steet, Petersham]'),(160,160,1,NULL,NULL,'Kongluan Lin','property_property','2012-09-04 02:13:27','','','User[Kongluan Lin] add Property [103 Cleveland Steet, Petersham]'),(161,161,1,NULL,NULL,'Kongluan Lin','property_property','2012-09-04 02:14:04','','','User[Kongluan Lin] add Property [104 Cleveland Steet, Petersham]'),(162,162,1,NULL,NULL,'Kongluan Lin','property_property','2012-09-04 02:14:44','','','User[Kongluan Lin] add Property [105 Cleveland Steet, Petersham]'),(163,163,1,NULL,NULL,'Kongluan Lin','property_property','2012-09-04 02:18:56','','','User[Kongluan Lin] add Property [106 Cleveland Steet, Petersham]'),(164,164,1,NULL,NULL,'Kongluan Lin','property_property','2012-09-04 02:19:27','','','User[Kongluan Lin] add Property [107 Cleveland Steet, Petersham]'),(165,165,1,NULL,NULL,'Kongluan Lin','property_property','2012-09-04 02:20:02','','','User[Kongluan Lin] add Property [108 Cleveland Steet, Petersham]'),(166,166,1,NULL,NULL,'Kongluan Lin','property_property','2012-09-04 03:55:19','','','User[Kongluan Lin] add Property [109 Cleveland Steet, Petersham]'),(167,167,1,NULL,NULL,'Kongluan Lin','property_property','2012-09-04 03:57:39','','','User[Kongluan Lin] add Property [110 Cooper Street, Petersham]'),(168,168,1,NULL,NULL,'Kongluan Lin','property_property','2012-09-04 03:58:43','','','User[Kongluan Lin] add Property [111 Cooper Street, Petersham]'),(169,169,1,NULL,NULL,'Kongluan Lin','property_property','2012-09-04 04:00:25','','','User[Kongluan Lin] add Property [112 Cooper Street, Petersham]'),(170,170,1,NULL,NULL,'Kongluan Lin','citizen_citizen','2012-09-04 04:33:45','','','User[Kongluan Lin] add Citizen [Mary Roman]'),(171,171,1,NULL,NULL,'Kongluan Lin','citizen_citizen','2012-09-04 04:42:12','','','User[Kongluan Lin] view Citizen [Paul Kennardy]'),(172,172,1,NULL,NULL,'Kongluan Lin','citizen_citizen','2012-09-04 04:43:56','','','User[Kongluan Lin] view Citizen [Paul Kennardy]'),(173,173,1,NULL,NULL,'Kongluan Lin','citizen_citizen','2012-09-04 04:44:47','','','User[Kongluan Lin] view Citizen [Paul Kennardy]'),(174,174,1,NULL,NULL,'Kongluan Lin','citizen_citizen','2012-09-04 04:45:21','','','User[Kongluan Lin] view Citizen [Paul Kennardy]'),(175,175,1,NULL,NULL,'Kongluan Lin','citizen_citizen','2012-09-04 04:45:56','','','User[Kongluan Lin] view Citizen [Paul Kennardy]'),(176,176,1,NULL,NULL,'Kongluan Lin','citizen_citizen','2012-09-04 04:49:08','','','User[Kongluan Lin] view Citizen [Mark Tong]'),(177,177,1,NULL,NULL,'Kongluan Lin','citizen_citizen','2012-09-04 04:49:30','','','User[Kongluan Lin] view Citizen [Mark Yong]'),(178,178,1,NULL,NULL,'Kongluan Lin','citizen_citizen','2012-09-04 04:49:43','','','User[Kongluan Lin] view Citizen [Mark Young]'),(179,179,1,NULL,NULL,'Kongluan Lin','citizen_citizen','2012-09-04 04:58:54','','','User[Kongluan Lin] delete Citizen [Mary Roman]'),(180,180,1,NULL,NULL,'Kongluan Lin','citizen_citizen','2012-09-04 04:59:59','','','User[Kongluan Lin] view Citizen [Bob Smith]'),(181,181,1,NULL,NULL,'Kongluan Lin','citizen_citizen','2012-09-04 05:00:34','','','User[Kongluan Lin] view Citizen [Bob Smith]'),(182,182,5,NULL,NULL,'justin Hopley','citizen_citizen','2012-09-04 22:49:36','','','User[justin Hopley] add Citizen [Michael Kay]'),(183,183,5,NULL,NULL,'justin Hopley','auth_user','2012-09-04 22:50:58','','','User[justin Hopley] logout'),(184,184,5,NULL,NULL,'justin Hopley','auth_user','2012-09-04 22:51:29','','','User[justin Hopley] login'),(185,185,5,NULL,NULL,'justin Hopley','auth_group','2012-09-04 22:53:16','','','User[justin Hopley] view Group [dev1]'),(186,186,1,NULL,NULL,'Kongluan Lin','auth_user','2012-09-04 22:55:02','','','User[Kongluan Lin] logout'),(187,187,1,NULL,NULL,'Kongluan Lin','auth_user','2012-09-04 23:04:10','','','User[Kongluan Lin] login'),(188,188,5,NULL,NULL,'justin Hopley','property_property','2012-09-04 23:13:10','','','User[justin Hopley] add Property [9 Elezebeth Street, Glebe]'),(189,189,5,NULL,NULL,'justin Hopley','property_property','2012-09-04 23:13:42','','','User[justin Hopley] add Property [10 Elezebeth Street, Glebe]');
/*!40000 ALTER TABLE `log_log` ENABLE KEYS */;
UNLOCK TABLES;

--
-- Table structure for table `property_boundary`
--

DROP TABLE IF EXISTS `property_boundary`;
/*!40101 SET @saved_cs_client     = @@character_set_client */;
/*!40101 SET character_set_client = utf8 */;
CREATE TABLE `property_boundary` (
  `id` int(11) NOT NULL AUTO_INCREMENT,
  `polygon` polygon NOT NULL,
  `type` varchar(10) DEFAULT NULL,
  `i_status` varchar(10) NOT NULL,
  PRIMARY KEY (`id`),
  SPATIAL KEY `property_boundary_polygon_id` (`polygon`)
) ENGINE=MyISAM AUTO_INCREMENT=193 DEFAULT CHARSET=latin1;
/*!40101 SET character_set_client = @saved_cs_client */;

--
-- Dumping data for table `property_boundary`
--

LOCK TABLES `property_boundary` WRITE;
/*!40000 ALTER TABLE `property_boundary` DISABLE KEYS */;
INSERT INTO `property_boundary` VALUES (88,'\0\0\0\0\0\0\0\0\0\0\0\0\0IA$x\n^EZIA|^uuJy\nh=IA9=$y\n7IAi?nx\nIA$x\n','manual','active'),(2,'\0\0\0\0\0\0\0\0\0\0\0\0\0$DIAQq\n@<eIA}6gp\n(IARzto\n}IA\ZM o\nG@&IA#0up\n$DIAQq\n','manual','active'),(3,'\0\0\0\0\0\0\0\0\0\0\0\0\0G@&IA4plp\n!H\nIAno\n}IA&n\n1rIAvjo\nG@&IA4plp\n','manual','active'),(4,'\0\0\0\0\0\0\0\0\0\0	\0\0\04IA!\\o\n!IA.^n\n+IA{n\nVIAn\nIAnvn\nl@IAJ#m\n@IA2!Adm\n98BIA;An\n4IA!\\o\n','manual','active'),(5,'\0\0\0\0\0\0\0\0\0\0\0\0\0IAmfm\nd99IA1l\n+MIAUl\nG2IA\nkl\nIAmfm\n','manual','active'),(6,'\0\0\0\0\0\0\0\0\0\0\0\0\0G2IA\nkl\nd99IAk\nKIAirj\nIIAj\nIAj\nH^IAnU<)k\nG2IA\nkl\n','manual','active'),(7,'\0\0\0\0\0\0\0\0\0\0\r\0\0\0IIAj\n*X>IA%Tk\n+MIA=Rl\n\0IA l\nZVIAK!l\nZVIA5k\nQ\rIAV`j\n.YIA\nKi\n.YIA1i\nT\0	IAK=h\nxIAm9h\n^oIAae8i\nIIAj\n','manual','active'),(8,'\0\0\0\0\0\0\0\0\0\0\n\0\0\0!H\nIAK!l\nYyIArl\n}IAl\n2IAbm\n -IACm\nIA63m\n/5B_IA\nn\nIAnvn\nQ\rIADm\n!H\nIAK!l\n','manual','active'),(9,'\0\0\0\0\0\0\0\0\0\0\0\0\0KIA\"1o\nrIAeo\nbIAo\n~IA!\\o\nyIA%5o\nKIA\"1o\n','manual','active'),(10,'\0\0\0\0\0\0\0\0\0\0\0\0\0=*IAu1m\na4IA.^n\nZJIA6>Tp\n&IAo\n*IA$to\n=*IAu1m\n','manual','active'),(11,'\0\0\0\0\0\0\0\0\0\0	\0\0\0y#eIA@ZIm\nvnIA2!Adm\nflIAa6\" n\n	7fIA(f9m\n\\fIAa6\" n\n6jIAEBn\nQHlhIAn\nUyL^IAEBn\ny#eIA@ZIm\n','manual','active'),(12,'\0\0\0\0\0\0\0\0\0\0\0\0\0\'R}IA(uo\n[>OIADo\n/8~IAQ$p\nyIAbo\nm|IA<o\n\'R}IA(uo\n','manual','active'),(13,'\0\0\0\0\0\0\0\0\0\0\0\0\0CK\Z\0IACm\n?VIA_\"o\n@zIIA[Rp\nvJ\0IA{b\0mp\ngIAq\nQgVIAZEA_s\nbIAhyms\n\nLIAv{s\n?8IA	*s\nP6XIAhyms\n)IA3r\nIAQccpr\nX1IAzfq\n\nIA!Zwq\n[	IAQp\neG	IAYb*n\nCK\Z\0IACm\n','manual','active'),(14,'\0\0\0\0\0\0\0\0\0\0\0\0\0yIAdf:o\n/8~IAxS\0 p\n>zIA#0up\n5r?xIAI<TYp\nyIAdo\nyIAdf:o\n','manual','active'),(15,'\0\0\0\0\0\0\0\0\0\0\0\0\0;,w_IA(Zn\nHkIA>%n\n}hIA\'o\nJAaIA1]n\n^IAjIo\n1YIA?o\n;,w_IA(Zn\n','manual','active'),(16,'\0\0\0\0\0\0\0\0\0\0\0\0\0gIAq\nH^IAAVds\nbIAs\nU,IA<t\n\nRIAZEA_s\nIIAzqt\ngIAq\n','manual','active'),(17,'\0\0\0\0\0\0\0\0\0\0\0\0\01YIA\'o\nUyL^IARo\n4XIAZ_Vp\nKTIAaQto\n1YIA\'o\n','manual','active'),(18,'\0\0\0\0\0\0\0\0\0\0\0\0\0tIAq\n !|IA2&q\nOiIA\n.zp\n5r?xIABJp\nkCuIAp\ntIAq\n','manual','active'),(19,'\0\0\0\0\0\0\0\0\0\0\0\0\0\rJIAo4m^u\n8IAut\n}dNIAAVds\n}d)+IA|t\n\rJIAo4m^u\n','manual','active'),(20,'\0\0\0\0\0\0\0\0\0\0\0\0\0CrNIAG<p\n0WPPUIA27qp\n<NRIAx\rp\n3[LIA1*Sp\nCrNIAG<p\n','manual','active'),(21,'\0\0\0\0\0\0\0\0\0\0\0\0\0kCuIA\nq\nc]VzIAf5q\ntIAr\nUJoIA-q\nkCuIA\nq\n','manual','active'),(22,'\0\0\0\0\0\0\0\0\0\0\0\0\0qIA.q\nFrIA@q\nXoIA `yr\ncF3mIAmXr\nUJoIAJq\nZ|pIAzfq\nqIA.q\n','manual','active'),(23,'\0\0\0\0\0\0\0\0\0\0\0\0\0JIA\'*#op\nRIAjp\nSIAQp\nrOIA!Zwq\nAFIAUN0q\nAFIAUN0q\nJIA\'*#op\n','manual','active'),(24,'\0\0\0\0\0\0\0\0\0\0\0\0\0o&mIAekr\n5r?xIADr\n_BvIA+r\nWjIAYHEr\nU)lIA*gfr\no&mIAekr\n','manual','active'),(25,'\0\0\0\0\0\0\0\0\0\0\0\0\0vFIAy9q\nrOIA0Lq\nrOIAJq\nDLIAQr\n9X4BIA<q\nvFIAy9q\n','manual','active'),(26,'\0\0\0\0\0\0\0\0\0\0\0\0\01qyIAYHEr\n04IAM;r\nOiIA	9s\n&tvIA\r&C	s\n\"ZwIAqJ~r\n1qyIAYHEr\n','manual','active'),(27,'\0\0\0\0\0\0\0\0\0\0	\0\0\0j8UIAq\nXIA<q\nR\rI[IAjCq\n^IAVq\n}[IAq\nZ*_IAzfq\nbIAjCq\n	YIAOq\nj8UIAq\n','manual','active'),(28,'\0\0\0\0\0\0\0\0\0\0\0\0\0KIAgCr\nxIA{/s\nyrIAxs\nIAb&!s\nKIAgCr\n','manual','active'),(29,'\0\0\0\0\0\0\0\0\0\0\0\0\0xIA!u\Z%s\nyrIA.\"s\n{87kIAmXr\npAIA\n(r\nIA2w@r\n{87kIA=s\ngIAZEA_s\n(PIAZs\n!	&IA^s\ni\'9IA.\"s\ndYIAA s\nxIA!u\Z%s\n','manual','active'),(30,'\0\0\0\0\0\0\0\0\0\0\0\0\0\ZWIAq\nj8UIA~-r\n[IACibr\nZ*_IA.q\n\ZWIAq\n','manual','active'),(31,'\0\0\0\0\0\0\0\0\0\0\0\0\0&IA^Ys\nfIApkws\n7`FIA%^Gs\nIAB4s\nIAfqNr\n/{IAQccpr\nD\"IA2w@r\nQIACibr\nIA.7ZFr\nLIAqJ~r\n@<eIA^9}r\npIA+r\n[2}3IAB4s\n=*IA^s\nIIApkws\n@ IAs\nV pIA*s\n&IA^Ys\n','manual','active'),(32,'\0\0\0\0\0\0\0\0\0\0\0\0\0YsbIAe\Zr\n\\fIA\0\"y;r\nM\ndIAlTr\n`IAQccpr\nYsbIAe\Zr\n','manual','active'),(33,'\0\0\0\0\0\0\0\0\0\0\0\0\0IAo7Dr\n1IAq\nK^$IAq\n-NIAOq\n9:IA6inq\n[IA.q\npIAcP)r\nMIAmIX\rr\nlIA|H2r\nLIAG&\\r\nIAo7Dr\n','manual','active'),(34,'\0\0\0\0\0\0\0\0\0\0\0\0\0U)lIAO)p\nMDqIA%@Op\nnIAm.p\n^(iIAp\nU)lIAO)p\n','manual','active'),(35,'\0\0\0\0\0\0\0\0\0\0\n\0\0\0IAq\0q\n&IA1*Sp\n3$IAQnp\nE@IAjCq\n.YIAVq\ndIAq\0q\nbwIA#0up\nIAp\nIA`q\nIAq\0q\n','manual','active'),(36,'\0\0\0\0\0\0\0\0\0\0\0\0\0\"ZwIAjIo\nsIA2[p\nWjIAdf:o\nlIAxo\nQnIAxo\n\"ZwIAjIo\n','manual','active'),(37,'\0\0\0\0\0\0\0\0\0\0\0\0\0IA}6gp\nIA}hso\n=IAI<TYp\nIAp\nIA}6gp\n','manual','active'),(38,'\0\0\0\0\0\0\0\0\0\0\0\0\0IA}6gp\nIA}hso\n=IAI<TYp\nIAp\nIA}6gp\n','manual','active'),(39,'\0\0\0\0\0\0\0\0\0\0\0\0\0BWIAbo\n0FWIA6o\n,IAxS\0 p\nxIAY:^p\n7_IAq\n!IA?%p\n%\rIAI<TYp\n+IA?%p\n;=JIAMU.p\nLIA[Rp\nIAy9q\n;=JIAQp\n5IAUN0q\nrIA\nq\nBWIAbo\n','manual','active'),(40,'\0\0\0\0\0\0\0\0\0\0\0\0\0MDqIA]/cm\nWf\0|IAn\nWf\0|IAbn\nyIAY>Do\nsIAxo\n\rc(vIA.^n\n5oIAKn\nMDqIA]/cm\n','manual','active'),(41,'\0\0\0\0\0\0\0\0\0\0\0\0\0=IAV{\Z3n\n=IA&n\n3IA&n\nBWIAtUn\ndIAf!@n\n\"&IAKn\n3$IAV{\Z3n\nu\0IA&Fn\nyrIAH %n\ndYIA8n\n=IAV{\Z3n\n','manual','active'),(42,'\0\0\0\0\0\0\0\0\0\0\0\0\0|gIA2&q\nU)lIAy9q\n?QiIAvq\nM\ndIAd/q\n|gIA2&q\n','manual','active'),(43,'\0\0\0\0\0\0\0\0\0\0\0\0\0bwIAS(n\nH!lIA^il\n:IA l\nIAaVm\nIqDIIAgx7Gm\nbwIAS(n\n','manual','active'),(44,'\0\0\0\0\0\0\0\0\0\0\n\0\0\0;`IA \rp\n[`IARp\n|gIAU?p\nhIACp\n;`IA\n.zp\nF]IAQnp\n;,w_IA \rp\n_IA \rp\n_IA95p\n;`IA \rp\n','manual','active'),(45,'\0\0\0\0\0\0\0\0\0\0	\0\0\0l1IA*l\n/IAj\0pk\n@<eIAy\nnl\nIIA4Vl\n\\IA>l|l\nO;IAz6\0l\nLIAT\0k\nRIA\nkl\nl1IA*l\n','manual','active'),(46,'\0\0\0\0\0\0\0\0\0\0\0\0\0o&mIAbn\n\"brIAJn\ng:pIA6:o\nU)lIA?o\no&mIAbn\n','manual','active'),(47,'\0\0\0\0\0\0\0\0\0\0\0\0\0-uIA0k\nrIA`PzMj\n;=JIA|$jj\nFIAz}i\nIqDIIAj\ngIAT#j\nIA5x>j\nIAn!j\nD\"IA1j\noUIAnU<)k\n.YIAiMX<k\n^IA.k\nfIAel\n5IA3n&l\nS[DIArl\n|GIArl\nyIA3n&l\nr@{IA8k\nyIA8k\n-uIA0k\n','manual','active'),(48,'\0\0\0\0\0\0\0\0\0\0\0\0\0daqIAj\0pk\nI2enIAk_l\n-uIAl\nxIAA:4l\ndaqIAj\0pk\n','manual','active'),(50,'\0\0\0\0\0\0\0\0\0\0\0\0\0IAp\n_!IAf~q\n|\ZqIA]mq\n|\ZqIAmXp\nIAp\n','manual','active'),(51,'\0\0\0\0\0\0\0\0\0\0\0\0\0IA&\n3q\noIArIr\n/ jrIAZ\nr\n/ jrIAm4q\nIA&\n3q\n','manual','active'),(52,'\0\0\0\0\0\0\0\0\0\0\0\0\0:qIAZ\nr\nqIAr\n~OQNIA-zt\n PqIA\ns\n:qIAZ\nr\n','manual','active'),(53,'\0\0\0\0\0\0\0\0\0\0\0\0\0qIAPt\n/ jrIAs\nirIA-;	u\nqIA+u\nqIAPt\n','manual','active'),(54,'\0\0\0\0\0\0\0\0\0\0\0\0\0]qIA-;	u\niIA+u\noIAPv\n>5rIAPv\n]qIA-;	u\n','manual','active'),(55,'\0\0\0\0\0\0\0\0\0\0\0\0\0oIA4v\ntZkpIAmv\n:qIA@@Tw\niIAtQ>Yw\noIA4v\n','manual','active'),(56,'\0\0\0\0\0\0\0\0\0\0\0\0\06{oIAw\niIA6bw\n1IAw\Z*z\npWyIARsy\nirIAE\\x\n6{oIAw\n','manual','active'),(57,'\0\0\0\0\0\0\0\0\0\0\0\0\0qklIAzRWq\n-nmIAi 8p\nSZIAp3p\nuUIAzRWq\nqklIAzRWq\n','manual','active'),(58,'\0\0\0\0\0\0\0\0\0\0\0\0\07lIA\\q\n{KIAzRWq\nyJLIA(|:/qr\n-nmIA(|:/qr\n7lIA\\q\n','manual','active'),(59,'\0\0\0\0\0\0\0\0\0\0\0\0\0L\"mIA6zr\n	KIAi<hlr\n9|MIA\ns\nqklIAm)s\nL\"mIA6zr\n','manual','active'),(60,'\0\0\0\0\0\0\0\0\0\0\0\0\0kIAm)s\n8/MIA\ns\n9|MIAvTt\n<IAP=t\nLFIAv\nb\\kIA4v\nkIAm)s\n','manual','active'),(61,'\0\0\0\0\0\0\0\0\0\0\0\0\0$}kIAv\nQFIAv\nWYLIA*_gw\n$}kIA^Yw\n$}kIAv\n','manual','active'),(62,'\0\0\0\0\0\0\0\0\0\0	\0\0\07lIA<UJ w\nyJLIA.M[w\nIRIAw\nZIAeBMx\n)V4^IA]x\n0p/_eIAx\nhIA?x\nC\rjIAQzsx\n7lIA<UJ w\n','manual','active'),(63,'\0\0\0\0\0\0\0\0\0\0\0\0\0xIA}7q\n8IAR8p\noIA>p\nIAf~q\n 4IAdr\nxIA}7q\n','manual','active'),(64,'\0\0\0\0\0\0\0\0\0\0\0\0\0xIAmcr\nqIA[avq\nqIAZ\nr\n 4IAar\nxIAmcr\n','manual','active'),(65,'\0\0\0\0\0\0\0\0\0\0\0\0\0 4IAar\niIAZ\nr\niIAPt\n 4IAPt\n 4IAar\n','manual','active'),(66,'\0\0\0\0\0\0\0\0\0\0\0\0\0~8\ZIA$t\noIA]\Zt\nqIAF!9_u\n`fIA*Bu\n~8\ZIA$t\n','manual','active'),(67,'\0\0\0\0\0\0\0\0\0\0\0\0\0?AIAfSu\nIAu\nqIA\ZI)w\n~8\ZIA\ZI)w\n?AIAfSu\n','manual','active'),(68,'\0\0\0\0\0\0\0\0\0\0\0\0\0xIA6bw\n6!IA6bw\niIA\\}Zy\nxIA+y\nxIA6bw\n','manual','active'),(69,'\0\0\0\0\0\0\0\0\0\0\0\0\0 4IA\\}Zy\nIA5Zy\n~OQNIA}7&z\nIA\0z\n 4IA\\}Zy\n','manual','active'),(70,'\0\0\0\0\0\0\0\0\0\0\0\0\0EIACTq\nv$M+IAsq\n,IA:)\'r\nq-IAfNr\nEIACTq\n','manual','active'),(71,'\0\0\0\0\0\0\0\0\0\0\0\0\0wIA:)\'r\nIAdr\n3IA\0is\nwIA\0is\nwIA:)\'r\n','manual','active'),(72,'\0\0\0\0\0\0\0\0\0\0\0\0\0wIA6ws\nq-IA6ws\n6IAgyt\nv$M+IAgyt\nwIA6ws\n','manual','active'),(73,'\0\0\0\0\0\0\0\0\0\0\0\0\0wIA%i\"ut\naIAgyt\nq-IA\Zu\nwIA{xwu\nwIA%i\"ut\n','manual','active'),(85,'\0\0\0\0\0\0\0\0\0\0\0\0\0>1IAUp\n~IA`1p\n>sfIA$DLYr\n{CIAeY$r\n>1IAUp\n','manual','active'),(75,'\0\0\0\0\0\0\0\0\0\0\0\0\0|IA{xwu\n3IAu\naIAsv\nv$M+IAsv\n|IA{xwu\n','manual','active'),(76,'\0\0\0\0\0\0\0\0\0\0\0\0\0\"IA~v\nIAsv\n\'e_IADw\nv$M+IAx\n\"IA~v\n','manual','active'),(77,'\0\0\0\0\0\0\0\0\0\0\0\0\0$d{IA\ZI)w\nIAFw\ndIA.ix\nIA]x\nCIAE\'x\n^EZIAE\'x\n$d{IA\ZI)w\n','manual','active'),(78,'\0\0\0\0\0\0\0\0\0\0\0\0\0=CIAx\nRRzIAjw\n3IA[x\nv$M+IANIx\n=CIAx\n','manual','active'),(79,'\0\0\0\0\0\0\0\0\0\0\0\0\0EIA9=$y\nIA@x\nIAZ&&Tz\n=IA}7&z\nEIA9=$y\n','manual','active'),(80,'\0\0\0\0\0\0\0\0\0\0\0\0\0XIAiZ z\n6IAs(	z\n$h\'IAz\nq-IA|yjz\n*2IAa{\nXIAiZ z\n','manual','active'),(87,'\0\0\0\0\0\0\0\0\0\0	\0\0\0$1IAUjv\n~:IAev\nMIAJO.w\nlyIA\'FFw\nlyIAnWw\nIA.M[w\nIA%|v\nIA~v\n$1IAUjv\n','manual','active'),(86,'\0\0\0\0\0\0\0\0\0\0	\0\0\07YnIAJt\n.qIAhYZZt\n=?1#IAVGu\nMIA\Z9u\nHIAu\nJIA)bDv\neIAXu\nIA{xwu\n7YnIAJt\n','manual','active'),(84,'\0\0\0\0\0\0\0\0\0\0\0\0\0!XIAPp\nIA\Zp\n,FIAtPxOq\n|IA5oq\n!XIAPp\n','manual','active'),(89,'\0\0\0\0\0\0\0\0\0\0\0\0\0IAyx\nIAws}x\nIIA\'&wx\nk) IAC!y\nk) IAC!y\n2HIANIx\nIAyx\n','manual','active'),(90,'\0\0\0\0\0\0\0\0\0\0\0\0\0IA`y\nz^IAs(	z\n^EZIAz\roLz\n\\IAQkz\n<IAc1z\ne_hIAOz\nIA{\n.IAz\nIA.z\nkIA;Zz\n2HIAW3y\nIANy\n\n(y$IA.^y\nnIAL+y\nIAe-8y\nG\'IAx)y\nIAoXy\nIA2y\nIA`y\n','manual','active'),(91,'\0\0\0\0\0\0\0\0\0\0	\0\0\0^EZIApgW\r|\npV!IA:~\nzIAi@}\nadIA}\n=?1#IAJwe}\n^IAg\\\'}\nO\0j\rIA\n}\n1IABRv{\n^EZIApgW\r|\n','manual','active'),(92,'\0\0\0\0\0\0\0\0\0\0\0\0\0`IAF!9_u\ncK.IAz!yv\njIAQ)w\nR=IAv\nIA|rv\nIAjtv\n`IAF!9_u\n','manual','active'),(93,'\0\0\0\0\0\0\0\0\0\0\0\0\0y\rUKIAJO.w\nJIA aw\n@IA6bw\nN0IA(}\0~w\ny\rUKIAJO.w\n','manual','active'),(94,'\0\0\0\0\0\0\0\0\0\0\0\0\0SIAI^0x\nIA(}\0~w\n&@IAkXby\nv:IA z\n5IA{\nnq@IAUVz\nFFb)IAQkz\nSIAI^0x\n','manual','active'),(95,'\0\0\0\0\0\0\0\0\0\0\0\0\0jIA<UJ w\nsIAw\n<M\nIA,x\n}XIAcw\njIA<UJ w\n','manual','active'),(96,'\0\0\0\0\0\0\0\0\0\0\0\0\0bVIA:*C\"x\n6IAx\n(}!IA9=$y\nIA}Y7y\nbVIA:*C\"x\n','manual','active'),(97,'\0\0\0\0\0\0\0\0\0\0\0\0\0GIAb;zy\nxIAepy\n!cIA6Qz\n)IAM_z\nGIAb;zy\n','manual','active'),(98,'\0\0\0\0\0\0\0\0\0\0\0\0\00cIAigy\n^RaIA.z\nBIAz\nBmIALy\n$IActuy\nGIAMwEy\n0cIAigy\n','manual','active'),(99,'\0\0\0\0\0\0\0\0\0\0\0\0\0%IA\"q{\nT*IAhN{\n\nIA%[R}\nIA-=}\n%IA\"q{\n','manual','active'),(100,'\0\0\0\0\0\0\0\0\0\0\0\0\0YW`IAEv}\n+IAy#,}\n7IADRp~\nAOIA5~\nYW`IAEv}\n','manual','active'),(101,'\0\0\0\0\0\0\0\0\0\0\0\0\0~IA)!\nxL/IA1~\n|IAcI-\n`q\ZIA`]\n~IA)!\n','manual','active'),(102,'\0\0\0\0\0\0\0\0\0\0\0\0\0oLIAr\nb^IA:S\n(IA:#\n\n`IA!=\n1IAn\0x\nkh^IA*\noLIAr\n','manual','active'),(103,'\0\0\0\0\0\0\0\0\0\0\0\0\0QIAI1{\n6 IA|yjz\ny%IA2Eh|\nEIA.N!D|\neIAb3]+{\nQIAI1{\n','manual','active'),(104,'\0\0\0\0\0\0\0\0\0\0\0\0\0xL/IA	E~\n:>Z$IA8\\z~\n0)IA+,E\n]IAit\nxL/IA	E~\n','manual','active'),(105,'\0\0\0\0\0\0\0\0\0\0\0\0\01IA7n,{\nY%IAZAxI{\nR=IAz=Y}\nIA}\n^IA??}\nYIAy}\n1IA7n,{\n','manual','active'),(106,'\0\0\0\0\0\0\0\0\0\0\0\0\0<IA~\nSIAT\Z}\nSIAdp9~\nIAl>\nIAl>\n<IA~\n','manual','active'),(107,'\0\0\0\0\0\0\0\0\0\0\0\0\08IA0\n2IA+~\n@|IA]da\nIA\n8IA0\n','manual','active'),(108,'\0\0\0\0\0\0\0\0\0\0\0\0\0\\/IAcm\n2IA5~\nIA,\n:IAY?\nrCIA?r\n\\/IAcm\n','manual','active'),(109,'\0\0\0\0\0\0\0\0\0\0\0\0\0`IA}q\n(yIApq\nq4IAcs\n`IAk+gr\n`IA}q\n','manual','active'),(110,'\0\0\0\0\0\0\0\0\0\0\0\0\0-IA/nr\n*U^IA&s\nWq(IA@2t\n-IA(t\n-IA/nr\n','manual','active'),(111,'\0\0\0\0\0\0\0\0\0\0\0\0\0\\wIA@2t\nq4IA+@t\nCIAF!9_u\nP<IA.2	\0du\n\\wIA@2t\n','manual','active'),(112,'\0\0\0\0\0\0\0\0\0\0\0\0\0A#}IAF!9_u\n,IAF!9_u\nbhuIA0v\nA#}IAiv\nA#}IAF!9_u\n','manual','active'),(113,'\0\0\0\0\0\0\0\0\0\0\0\0\0mIA%|v\n%IA0v\nbhuIAx\nWIA2x\nmIA%|v\n','manual','active'),(114,'\0\0\0\0\0\0\0\0\0\0\0\0\0M\ZEIA2x\n%IADw\njIApgW\r|\nF IA	Kf{\nM\ZEIA2x\n','manual','active'),(115,'\0\0\0\0\0\0\0\0\0\0\0\0\0v-IAK{\nEIAOz\nGIA4|{\n/IAb3]+{\nv-IAK{\n','manual','active'),(116,'\0\0\0\0\0\0\0\0\0\0\0\0\0&,IAF8|\n\'lKIAfH{\n/RIA\nn@IA(B#\nHrT2IAA\"	\n&,IAF8|\n','manual','active'),(117,'\0\0\0\0\0\0\0\0\0\0	\0\0\08\rjIAGz\n9iIAE[|\nC~uIA}\nnp}ZIA%[R}\nuIA*o{\nytIA>1y\nytIA>1y\nytIA>1y\n8\rjIAGz\n','manual','active'),(118,'\0\0\0\0\0\0\0\0\0\0\0\0\0J $IA-\nr\n443IA^p\n`s?IA+Fn\ny%IAm\nCMIAZ{	n\n?IArn\nIAq	po\n}7IA(<mp\n]IAQq\n:\ZIA2Kr\nTk!IA\0\0s\nJ $IA-\nr\n','manual','active'),(119,'\0\0\0\0\0\0\0\0\0\0\0\0\0[C5IAH\\o\n\0(,PIA[F$!/p\n6YLIAi`s\n%+IA8s\n9-%IAar\n[C5IAH\\o\n','manual','active'),(120,'\0\0\0\0\0\0\0\0\0\0\n\0\0\0\0IA{s\nnIA*Bu\nA?IA$x\n\n*<IA0v\n<5IA-&Wu\nei&IAm)s\neIALr\n+IAF|s\nmUIACs\n\0IA{s\n','manual','active'),(121,'\0\0\0\0\0\0\0\0\0\0\0\0\0;>IA$A]1r\n3XH<IA|,r\n2NIA\0\0s\n@.QIA`8ur\n@.QIA`8ur\n@.QIA`8ur\n;>IA$A]1r\n','manual','active'),(122,'\0\0\0\0\0\0\0\0\0\0\0\0\0P;IA.r\nn\0MIA\0\0s\nDIAoft\ng;S3IA%s\nP;IA.r\n','manual','active'),(123,'\0\0\0\0\0\0\0\0\0\0\0\0\03IA\ns\n9L0IALe~t\nAIA7Xt\n$XDIA/qbt\n3IA\ns\n','manual','active'),(124,'\0\0\0\0\0\0\0\0\0\0\0\0\0%m\n0IArb>t\no;~Z-IA7Xt\nU=.IA+u\nYg_>IATUmu\nKBIA7Xt\n%m\n0IArb>t\n','manual','active'),(125,'\0\0\0\0\0\0\0\0\0\0\0\0\0YPIA0r\n0MIAs\n0\n^IACs\nHbIAP,r\nYPIA0r\n','manual','active'),(126,'\0\0\0\0\0\0\0\0\0\0\0\0\0VOAMMIA!s\nPJIAFCs\nE;\\IA#t\n0\n^IA*s\nN^IA*s\n0\n^IA*s\nVOAMMIA!s\n','manual','active'),(127,'\0\0\0\0\0\0\0\0\0\0\0\0\0rJIAU:s\nGIA	fuxXt\n$XDIA5t\n]BVIA\Z9u\nd;[IAat\nrJIAU:s\n','manual','active'),(128,'\0\0\0\0\0\0\0\0\0\0\0\0\0KBIA9t\nHG>IATUmu\nQIALu\n	\r]UIA8Pu\n	\r]UIA8Pu\nKBIA9t\n','manual','active'),(129,'\0\0\0\0\0\0\0\0\0\0\0\0\0U^iIA\ns\nHbIA@2t\n?czIA*Ct\nH{IAdgyt\nTIAP=t\nIA{s\nIA{s\nU^iIA\ns\n','manual','active'),(130,'\0\0\0\0\0\0\0\0\0\0\0\0\0Y-|IAH\\t\np=IAJt\nIAnv\n\'\\IA:4u\n\\aIA(t\nQ_yIAaEt\nY-|IAH\\t\n','manual','active'),(131,'\0\0\0\0\0\0\0\0\0\0\0\0\0gfIAXu\n3bIA7Rv\nZyn{IAhv\n^vIA4v\n$%=*IA4v\ngfIAXu\n','manual','active'),(132,'\0\0\0\0\0\0\0\0\0\0\0\0\0O!IAlq\nEIAT)Hs\nIAb~Vs\n\"IAN6zr\nO!IAlq\n','manual','active'),(133,'\0\0\0\0\0\0\0\0\0\0\0\0\0\nIAE[s\nZXIA`s\nIA1{#Jt\n\nIA!}\\Et\n\nIAE[s\n','manual','active'),(134,'\0\0\0\0\0\0\0\0\0\0\0\0\0x!IA=k[pt\n-\ZIA%i\"ut\n6k:IA<fUru\ncb<IA.2	\0du\ncb<IA.2	\0du\niIA\rrZu\nx!IA=k[pt\n','manual','active'),(135,'\0\0\0\0\0\0\0\0\0\0\0\0\0cb<IAChu\n-\ZIA.2	\0du\noL=IAiv\n&BIAv\ncb<IAChu\n','manual','active'),(136,'\0\0\0\0\0\0\0\0\0\0\0\0\0DIAiv\nZXIA0v\n\'zIA\"Cy\n\nIALy\nDIAiv\n','manual','active'),(137,'\0\0\0\0\0\0\0\0\0\0\0\0\0@IA07Uy\nAbIAs(	z\nxIA6^|\n0IA6^|\nIAVY|\nq4IA/z{\n@IA07Uy\n','manual','active'),(138,'\0\0\0\0\0\0\0\0\0\0\0\0\0~ioIA	Kf{\nOIAI{\nIA/S{\nH,sIA@\r\n|\ndIAuR|\nIAo|\nZXIAo|\n~ioIA	Kf{\n','manual','active'),(139,'\0\0\0\0\0\0\0\0\0\0\0\0\0oL=IABz\n<5>IAz\roLz\nTIA}@{\nIIA&0({\n]IAk{\noL=IA	Kf{\noL=IABz\n','manual','active'),(140,'\0\0\0\0\0\0\0\0\0\0\0\0\0\'zIA}7&z\nKpIAGz\n\0IAj\Zy\n2IANIx\nIAoXy\n6k:IAoXy\n\'zIA}7&z\n','manual','active'),(141,'\0\0\0\0\0\0\0\0\0\0\0\0\02IAky\nZ=q\0IAQvy\nmIA`\nx\n6k:IADw\nZXIAws}x\nnIA\\}Zy\n2IAky\n','manual','active'),(142,'\0\0\0\0\0\0\0\0\0\0	\0\0\06k:IAcv\n6k:IAw\nIAw\neIA`\nx\n\'`RIA<UJ w\nIA:].\rw\nS#wIA aw\n}IAlv\n6k:IAcv\n','manual','active'),(143,'\0\0\0\0\0\0\0\0\0\0\0\0\0oL=IA\n,v\n-\ZIAlv\nmIA*_gw\nIA5u\nIIAu\noL=IA\n,v\n','manual','active'),(144,'\0\0\0\0\0\0\0\0\0\0\0\0\0*tTIAlLt\n@0IANt\neIAnu\n@IARu\n>QIAfSu\nT)IAXu\n*tTIAlLt\n','manual','active'),(145,'\0\0\0\0\0\0\0\0\0\0\0\0\0IIAlLt\nmIAJt\n@0IA\ns\n@IAws\n-\ZIAds\nIIAlLt\n','manual','active'),(146,'\0\0\0\0\0\0\0\0\0\0\0\0\0IA4r\n{	\0IA\ns\nmIAs\n=IA{s\n\'zIA)Hs\nIA4r\n','manual','active'),(147,'\0\0\0\0\0\0\0\0\0\0\0\0\0IAI1{\n\'`RIA|\nIA7!}\n\ZIA}@{\n\ZIA}@{\n`)IAD{\nIAI1{\n','manual','active'),(148,'\0\0\0\0\0\0\0\0\0\0\0\0\0\nnIAC?9y\nP\ZIA\"V=\0y\n\ZIAI1{\nIA{\n\nnIAC?9y\n','manual','active'),(149,'\0\0\0\0\0\0\0\0\0\0\0\0\08^IAx\n\ZIA!x\ns\'IAEy\nv~IALy\n8^IAx\n','manual','active'),(150,'\0\0\0\0\0\0\0\0\0\0\0\0\0\r=IA@GAw\n\\*%~IA@@Tw\nIA]x\n8^IAws}x\neIAws}x\naWIAws}x\n\r=IA@GAw\n','manual','active'),(151,'\0\0\0\0\0\0\0\0\0\0\0\0\0aWIAONv\n\\*%~IA]k\\v\n#I1IAK-8w\nv~IAfDIKw\naWIAONv\n','manual','active'),(152,'\0\0\0\0\0\0\0\0\0\0\0\0\08^IAaEt\nkIA8Pu\nz!IA]k\\v\neIAsOIv\n8^IAaEt\n','manual','active'),(153,'\0\0\0\0\0\0\0\0\0\0\0\0\0cD%IAs\nKz]9IA=k[pt\nJ7IAu\ngEIA.2	\0du\ncD%IAs\n','manual','active'),(154,'\0\0\0\0\0\0\0\0\0\0\0\0\0IAc{u\n\r:|4IAnu\n\r:|4IAYvv\nkIA0v\nIAc{u\n','manual','active'),(155,'\0\0\0\0\0\0\0\0\0\0\0\0\0IAYvv\n2IAcv\nd3IA7\0x\nIAw\nIAYvv\n','manual','active'),(156,'\0\0\0\0\0\0\0\0\0\0\0\0\0IA6bw\n2IA7\0x\n\n=1IA5Zy\nIA\0x\nIA6bw\n','manual','active'),(157,'\0\0\0\0\0\0\0\0\0\0\0\0\0gIA7>x\n}o1IA+y\nn]h0IAHy9y\n^IA2Ary\ngIA7>x\n','manual','active'),(158,'\0\0\0\0\0\0\0\0\0\0\0\0\0.@6IAiZ z\nn]h0IAGz\nf6/IAZ6{\n^IAg{\n.@6IAiZ z\n','manual','active'),(159,'\0\0\0\0\0\0\0\0\0\0\0\0\0^IA&0({\n%..IAI{\nNQ.IA.N!D|\n\ZIA*a{|\n^IA&0({\n','manual','active'),(160,'\0\0\0\0\0\0\0\0\0\0\0\0\0uIA_|\n/8IA)~s}\n+IA[}\n?-IAc\'|\nuIA_|\n','manual','active'),(161,'\0\0\0\0\0\0\0\0\0\0\0\0\0|TIAld{\n(IA\"q{\n0	IAy]|\n3TIAo|\n=IAI>K|\n|TIAld{\n','manual','active'),(162,'\0\0\0\0\0\0\0\0\0\0\0\0\0OIAy]|\nIA;#}|\n0IAV\"}\n#$XIA)~s}\n,*IA\"@}\nkjIA??}\nOIAy]|\n','manual','active'),(163,'\0\0\0\0\0\0\0\0\0\0\0\0\0IAT\Z}\nIAM}\nd&IA~\n+<IAiY~\nIAT\Z}\n','manual','active'),(164,'\0\0\0\0\0\0\0\0\0\0\0\0\0IA@`p~\n#$XIAs~\n,IA-5~\n%IA9\nIA@`p~\n','manual','active'),(165,'\0\0\0\0\0\0\0\0\0\0\0\0\0%IA0\nIA!\0HX\nd&IA!\0HX\nIA0\n%IA0\n','manual','active'),(166,'\0\0\0\0\0\0\0\0\0\0\0\0\0\\_IAit\nIA]\nIA\n,*IAvS;\\\n(7IA`]\n\\_IAit\n','manual','active'),(167,'\0\0\0\0\0\0\0\0\0\0\0\0\0d&IA[B>=\nFPFIA]da\nww`IA\n{IAT\0)%r\nd&IA[B>=\n','manual','active'),(168,'\0\0\0\0\0\0\0\0\0\0\0\0\0iCIA!\0HX\nIA:S\n{IAm*^m\nAIA[B>=\niCIA!\0HX\n','manual','active'),(169,'\0\0\0\0\0\0\0\0\0\0\0\0\0?IA0\n\\IAR \n~+IA!\0HX\nIAcI-\n?IA0\n','manual','active'),(170,'\0\0\0\0\0\0\0\0\0\0\0\0\0.IA%[R}\nWIAiY~\nj IAA\"	\n,IAv4\nIAFw7~\nJIA-=}\n.IA%[R}\n','manual','active'),(171,'\0\0\0\0\0\0\0\0\0\0\0\0\0\0IAz\"_d{\n7|IA \Z\'|\n)RIAzq\0F~\njIA*a{|\nGIA*a{|\n\0IAz\"_d{\n','manual','active'),(172,'\0\0\0\0\0\0\0\0\0\0\0\0\0SIA;#}|\n_IAuR|\noMzIAZ}}\nvIAq}\nSIA;#}|\n','manual','active'),(173,'\0\0\0\0\0\0\0\0\0\0\0\0\0WIAbN }\n\nIAZ}}\noMzIA}V)~\n$IAoJ~\nGIAzq\0F~\nWIAbN }\n','manual','active'),(174,'\0\0\0\0\0\0\0\0\0\0\0\0\0jIAiY~\nIA&\n{C+IA+~\n\\IA~\n!nIAzq\0F~\njIAiY~\n','manual','active'),(175,'\0\0\0\0\0\0\0\0\0\0\0\0\0IAl>\n&IA\nt`IAqg\nLQIAcm\nIAl>\n','manual','active'),(176,'\0\0\0\0\0\0\0\0\0\0\0\0\0e	IA\nz\Z;IAj\n;S%IAv8xF\n\nIA+K\ne	IA\n','manual','active'),(177,'\0\0\0\0\0\0\0\0\0\0\0\0\0\0UIAw2BZ\n&BIA*d:&G\n3.8IA\nWIAH>\nqIAI\n\0UIAw2BZ\n','manual','active'),(178,'\0\0\0\0\0\0\0\0\0\0\0\0\0IAhM\nWIA,\nlIA`b\nDIAN\nJIA\nIAhM\n','manual','active'),(179,'\0\0\0\0\0\0\0\0\0\0\0\0\0#Z<*IAu\0{|\nH,sIA??}\nOIA&Q\0\ngIA/n~\n#Z<*IAu\0{|\n','manual','active'),(180,'\0\0\0\0\0\0\0\0\0\0\0\0\0IA\Z\n{IAJ\nGIAN\nOIA7R~\nIA\Z\n','manual','active'),(181,'\0\0\0\0\0\0\0\0\0\0\0\0\0tysIA+,E\nCIAv8xF\nWIABS<_B\n.IA\"rUD\n=IAN\ntysIA+,E\n','manual','active'),(182,'\0\0\0\0\0\0\0\0\0\0\0\0\0WIA4{U\n.IA\na\nIIAx\n&BIA4V\nDIA4V\n&BIA4V\n&BIA#\nWIA4{U\n','manual','active'),(183,'\0\0\0\0\0\0\0\0\0\0\0\0\0x!IAzr\noMzIA\0\n-\ZIA\n\0\nIA(($\niIAN\nx!IAzr\n','manual','active'),(184,'\0\0\0\0\0\0\0\0\0\0\0\0\0kIAU\nIA4V\nIAP4\nRtIAg[\n~ioIA]\Z\nkIAU\n','manual','active'),(185,'\0\0\0\0\0\0\0\0\0\0\0\0\0@IA?I \n	IA\nS	\nY\rIAz}\nIA\n@IA?I \n','manual','active'),(186,'\0\0\0\0\0\0\0\0\0\0\0\0\05uIA\nJiIA\"WOV\n`)IAb\n1dIAE|*\n5uIA\n','manual','active'),(187,'\0\0\0\0\0\0\0\0\0\0\0\0\0H,sIAx:}\n.@6IA~}\nV`m0\nIA+~\nIIA-3C\nH,sIAx:}\n','manual','active'),(188,'\0\0\0\0\0\0\0\0\0\0\0\0\0j^,IANJZT~\n.@6IA~\nA|\nIA\r(~\n<IAl\nA&IAr\nj^,IANJZT~\n','manual','active'),(189,'\0\0\0\0\0\0\0\0\0\0\0\0\08^IA\0K\'\nIA|\nr*$IA0@8\n\\*%~IA]da\n3KIA#\n8^IA\0K\'\n','manual','active'),(190,'\0\0\0\0\0\0\0\0\0\0\0\0\0IA\n\0\n\\*%~IAs\n/8IA#X\n<5>IAJs\n8^IAE\nIA\n\0\n','manual','active'),(191,'\0\0\0\0\0\0\0\0\0\0\0\0\0GIAjtv\nY79:IA}v\nh;IA Uu\nDIArs/u\n$GIAv\nGIAjtv\n','manual','active'),(192,'\0\0\0\0\0\0\0\0\0\0\0\0\0 VB:IAof1v\ne.+8IAs[x\n#BJIAU#x\nGIA~v\n VB:IAof1v\n','manual','active');
/*!40000 ALTER TABLE `property_boundary` ENABLE KEYS */;
UNLOCK TABLES;

--
-- Table structure for table `property_ownership`
--

DROP TABLE IF EXISTS `property_ownership`;
/*!40101 SET @saved_cs_client     = @@character_set_client */;
/*!40101 SET character_set_client = utf8 */;
CREATE TABLE `property_ownership` (
  `id` int(11) NOT NULL AUTO_INCREMENT,
  `property_id` int(11) NOT NULL,
  `citizen_id` int(11) NOT NULL,
  `share` double NOT NULL,
  `startdate` date NOT NULL,
  `enddate` date DEFAULT NULL,
  `i_status` varchar(10) NOT NULL,
  PRIMARY KEY (`id`),
  KEY `property_ownership_6a812853` (`property_id`),
  KEY `property_ownership_d00bbef7` (`citizen_id`)
) ENGINE=MyISAM DEFAULT CHARSET=latin1;
/*!40101 SET character_set_client = @saved_cs_client */;

--
-- Dumping data for table `property_ownership`
--

LOCK TABLES `property_ownership` WRITE;
/*!40000 ALTER TABLE `property_ownership` DISABLE KEYS */;
/*!40000 ALTER TABLE `property_ownership` ENABLE KEYS */;
UNLOCK TABLES;

--
-- Table structure for table `property_property`
--

DROP TABLE IF EXISTS `property_property`;
/*!40101 SET @saved_cs_client     = @@character_set_client */;
/*!40101 SET character_set_client = utf8 */;
CREATE TABLE `property_property` (
  `id` int(11) NOT NULL AUTO_INCREMENT,
  `plotid` int(11) NOT NULL,
  `streetno` int(11) DEFAULT NULL,
  `streetname` varchar(30) DEFAULT NULL,
  `suburb` varchar(50) NOT NULL,
  `boundary_id` int(11) NOT NULL,
  `i_status` varchar(10) NOT NULL,
  PRIMARY KEY (`id`),
  KEY `property_property_2879d902` (`boundary_id`)
) ENGINE=MyISAM AUTO_INCREMENT=193 DEFAULT CHARSET=latin1;
/*!40101 SET character_set_client = @saved_cs_client */;

--
-- Dumping data for table `property_property`
--

LOCK TABLES `property_property` WRITE;
/*!40000 ALTER TABLE `property_property` DISABLE KEYS */;
INSERT INTO `property_property` VALUES (88,8002,139,'Little Street','Parramatta',88,'active'),(2,2000,1,'Stacey','Ashfield',2,'active'),(3,2001,2,'Stacey','Ashfield',3,'active'),(4,2002,3,'Stacey','Ashfield',4,'active'),(5,2003,4,'Stacey','Ashfield',5,'active'),(6,2004,5,'Stacey','Ashfield',6,'active'),(7,2005,6,'Stacey','Ashfield',7,'active'),(8,2006,7,'Stacey','Ashfield',8,'active'),(9,3000,12,'Myall','Cabramatta',9,'active'),(10,2007,8,'Stacey','Ashfield',10,'active'),(11,1000,52,'Phillip Steet','Parramatta',11,'active'),(12,3078,13,'Myall','Cabramatta',12,'active'),(13,2006,1,'paul st','Ashfield',13,'active'),(14,3002,14,'Myall','Cabramatta',14,'active'),(15,1001,54,'Phillip Steet','Parramatta',15,'active'),(16,2008,2,'paul st','Ashfield',16,'active'),(17,1003,56,'Phillip Steet','Parramatta',17,'active'),(18,3003,15,'Myall','Cabramatta',18,'active'),(19,2009,3,'paul st','Ashfield',19,'active'),(20,1004,58,'Phillip Steet','Parramatta',20,'active'),(21,3004,16,'Myall','Cabramatta',21,'active'),(22,3005,17,'Myall','Cabramatta',22,'active'),(23,1005,60,'Phillip Steet','Parramatta',23,'active'),(24,3006,18,'Myall','Cabramatta',24,'active'),(25,1006,62,'Phillip Steet','Parramatta',25,'active'),(26,3007,23,'John','Cabramatta',26,'active'),(27,1007,64,'Phillip Steet','Parramatta',27,'active'),(28,3008,24,'John','Cabramatta',28,'active'),(29,3009,25,'John','Cabramatta',29,'active'),(30,1008,5,'King Street','Parramatta',30,'active'),(31,3010,26,'John','Cabramatta',31,'active'),(32,1009,7,'King Street','Parramatta',32,'active'),(33,3011,112,'Bee','Cabramatta',33,'active'),(34,1010,101,'Wall Steet','Parramatta',34,'active'),(35,3012,122,'Bee','Cabramatta',35,'active'),(36,1011,103,'Wall Steet','Parramatta',36,'active'),(37,3013,121,'Bee','Cabramatta',37,'active'),(38,3013,121,'Bee','Cabramatta',38,'active'),(39,3014,119,'Bee','Cabramatta',39,'active'),(40,1012,111,'Wall Steet','Parramatta',40,'active'),(41,3015,32,'Goose','Cabramatta',41,'active'),(42,1015,99,'Wall Steet','Parramatta',42,'active'),(43,3016,33,'Goose','Cabramatta',43,'active'),(44,1019,15,'Wall Steet','Parramatta',44,'active'),(45,3017,34,'Goose','Cabramatta',45,'active'),(46,1025,45,'Wall Steet','Parramatta',46,'active'),(47,3018,236,'Hugh','Cabramatta',47,'active'),(48,3019,11,'Doom','Cabramatta',48,'active'),(50,9000,1,'Harold St','Glebe',50,'active'),(51,9001,2,'Harold St','Glebe',51,'active'),(52,9002,3,'Harold St','Glebe',52,'active'),(53,9003,4,'Harold St','Glebe',53,'active'),(54,9004,5,'Harold St','Glebe',54,'active'),(55,9005,6,'Harold St','Glebe',55,'active'),(56,9006,7,'Harold St','Glebe',56,'active'),(57,9006,7,'Harold St','Glebe',57,'active'),(58,9007,8,'Harold St','Glebe',58,'active'),(59,9008,9,'Harold St','Glebe',59,'active'),(60,9009,10,'Harold St','Glebe',60,'active'),(61,9010,11,'Harold St','Glebe',61,'active'),(62,9011,12,'Harold St','Glebe',62,'active'),(63,9012,1,'Paper St','Glebe',63,'active'),(64,9013,2,'Paper St','Glebe',64,'active'),(65,9014,3,'Paper St','Glebe',65,'active'),(66,9015,4,'Paper St','Glebe',66,'active'),(67,9016,5,'Paper St','Glebe',67,'active'),(68,9017,7,'Paper St','Glebe',68,'active'),(69,9018,8,'Paper St','Glebe',69,'active'),(70,9020,20,'Paper St','Glebe',70,'active'),(71,9021,21,'Paper St','Glebe',71,'active'),(72,9022,22,'Paper St','Glebe',72,'active'),(73,9023,23,'Paper St','glebe',73,'active'),(85,6666,239,'Auburn Road','Chatswood',85,'active'),(75,9024,24,'Paper St','Glebe',75,'active'),(76,9025,25,'Paper St','glebe',76,'active'),(77,8221,152,'Little Street','Parramatta',77,'active'),(78,9026,26,'Paper St','Glebe',78,'active'),(79,9027,27,'Paper St','Glebe',79,'active'),(80,9028,28,'Paper St','Glebe',80,'active'),(87,8001,137,'Little Street','Parramatta',87,'active'),(86,8000,135,'Little Street','Parramatta',86,'active'),(84,5555,230,'Auburn Road','Chatswood',84,'active'),(89,8003,141,'Little Street','Parramatta',89,'active'),(90,8004,143,'Little Street','Parramatta',90,'active'),(91,8005,145,'Little Street','Parramatta',91,'active'),(92,8010,1,'Eagle Street','Parramatta',92,'active'),(93,8011,2,'Eagle Street','Parramatta',93,'active'),(94,8012,3,'Eagle Street','Parramatta',94,'active'),(95,8013,4,'Eagle Street','Parramatta',95,'active'),(96,8014,5,'Eagle Street','Parramatta',96,'active'),(97,8015,6,'Eagle Street','Parramatta',97,'active'),(98,8016,7,'Eagle Street','Parramatta',98,'active'),(99,8017,9,'Eagle Street','Parramatta',99,'active'),(100,8018,11,'Eagle Street','Parramatta',100,'active'),(101,8019,13,'Eagle Street','Parramatta',101,'active'),(102,8020,14,'Eagle Street','Parramatta',102,'active'),(103,8021,15,'Eagle Street','Parramatta',103,'active'),(104,8022,16,'Eagle Street','Parramatta',104,'active'),(105,8006,147,'Little Street','Parramatta',105,'active'),(106,8007,148,'Little Street','Parramatta',106,'active'),(107,8008,149,'Little Street','Parramatta',107,'active'),(108,8009,153,'Little Street','Parramatta',108,'active'),(109,9029,1,'Dixon Street','Glebe',109,'active'),(110,9030,2,'Dixon Street','Glebe',110,'active'),(111,9031,3,'Dixon Street','Glebe',111,'active'),(112,9032,4,'Dixon Street','Glebe',112,'active'),(113,9033,5,'Dixon Street','Glebe',113,'active'),(114,9034,6,'Dixon Street','Glebe',114,'active'),(115,9035,10,'York Street','Petersham',115,'active'),(116,9037,12,'York Street','Petersham',116,'active'),(117,9038,13,'York Street','Petersham',117,'active'),(118,9100,13,'Harold Street','Glebe',118,'active'),(119,9101,14,'Harold Street','Glebe',119,'active'),(120,2010,4,'Paul Street','Ashfield',120,'active'),(121,1500,1,'Church Street','Atarmon',121,'active'),(122,1501,2,'Church Street','Atarmon',122,'active'),(123,1502,3,'Church Street','Atarmon',123,'active'),(124,1503,4,'Church Street','Atarmon',124,'active'),(125,1504,5,'Church Street','Atarmon',125,'active'),(126,1505,6,'Church Street','Atarmon',126,'active'),(127,1506,7,'Church Street','Atarmon',127,'active'),(128,1507,8,'Church Street','Atarmon',128,'active'),(129,1508,50,'Croydon Road','Atarmon',129,'active'),(130,1509,51,'Croydon Road','Atarmon',130,'active'),(131,1510,15,'Croydon Road','Atarmon',131,'active'),(132,9036,7,'Dixon Street','Glebe',132,'active'),(133,9040,8,'Dixon Street','Glebe',133,'active'),(134,9041,9,'Dixon Street','Glebe',134,'active'),(135,9042,10,'Dixon Street','Glebe',135,'active'),(136,9043,11,'Dixon Street','Glebe',136,'active'),(137,9044,12,'Dixon Street','Glebe',137,'active'),(138,9045,1,'Gordon Avenue','Glebe',138,'active'),(139,9046,2,'Gordon Avenue','Glebe',139,'active'),(140,9047,3,'Gordon Avenue','Glebe',140,'active'),(141,9048,4,'Gordon Avenue','Glebe',141,'active'),(142,9049,5,'Gordon Avenue','Glebe',142,'active'),(143,9050,6,'Gordon Avenue','Glebe',143,'active'),(144,9051,7,'Gordon Avenue','Glebe',144,'active'),(145,9052,8,'Gordon Avenue','Glebe',145,'active'),(146,9053,9,'Gordon Avenue','Glebe',146,'active'),(147,9054,10,'Gordon Avenue','Glebe',147,'active'),(148,9055,11,'Gordon Avenue','Glebe',148,'active'),(149,9056,12,'Gordon Avenue','Glebe',149,'active'),(150,9057,13,'Gordon Avenue','Glebe',150,'active'),(151,9058,14,'Gordon Avenue','Glebe',151,'active'),(152,9059,15,'Gordon Avenue','Glebe',152,'active'),(153,9060,1,'Elezebeth Street','Glebe',153,'active'),(154,9061,2,'Elezebeth Street','Glebe',154,'active'),(155,9062,3,'Elezebeth Street','Glebe',155,'active'),(156,9063,4,'Elezebeth Street','Glebe',156,'active'),(157,9064,5,'Elezebeth Street','Glebe',157,'active'),(158,9065,6,'Elezebeth Street','Glebe',158,'active'),(159,9066,7,'Elezebeth Street','Glebe',159,'active'),(160,9067,8,'Elezebeth Street','Glebe',160,'active'),(161,9068,14,'York Street','Petersham',161,'active'),(162,9069,15,'York Street','Petersham',162,'active'),(163,9070,16,'York Street','Petersham',163,'active'),(164,9071,16,'York Street','Petersham',164,'active'),(165,9072,17,'York Street','Petersham',165,'active'),(166,9073,18,'York Street','Petersham',166,'active'),(167,9074,1,'Swan Avenue','Petersham',167,'active'),(168,9075,2,'Swan Avenue','Petersham',168,'active'),(169,9076,3,'Swan Avenue','Petersham',169,'active'),(170,9077,4,'Swan Avenue','Petersham',170,'active'),(171,9078,5,'Swan Avenue','Petersham',171,'active'),(172,9079,6,'Swan Avenue','Petersham',172,'active'),(173,9080,7,'Swan Avenue','Petersham',173,'active'),(174,9081,8,'Swan Avenue','Petersham',174,'active'),(175,9082,9,'Swan Avenue','Petersham',175,'active'),(176,9083,10,'Swan Avenue','Petersham',176,'active'),(177,9084,11,'Swan Avenue','Petersham',177,'active'),(178,9085,12,'Swan Avenue','Petersham',178,'active'),(179,9086,101,'Cleveland Steet','Petersham',179,'active'),(180,9087,102,'Cleveland Steet','Petersham',180,'active'),(181,9088,103,'Cleveland Steet','Petersham',181,'active'),(182,9089,104,'Cleveland Steet','Petersham',182,'active'),(183,9090,105,'Cleveland Steet','Petersham',183,'active'),(184,9091,106,'Cleveland Steet','Petersham',184,'active'),(185,9092,107,'Cleveland Steet','Petersham',185,'active'),(186,9093,108,'Cleveland Steet','Petersham',186,'active'),(187,9094,109,'Cleveland Steet','Petersham',187,'active'),(188,9095,110,'Cooper Street','Petersham',188,'active'),(189,9096,111,'Cooper Street','Petersham',189,'active'),(190,9097,112,'Cooper Street','Petersham',190,'active'),(191,9200,9,'Elezebeth Street','Glebe',191,'active'),(192,9201,10,'Elezebeth Street','Glebe',192,'active');
/*!40000 ALTER TABLE `property_property` ENABLE KEYS */;
UNLOCK TABLES;
/*!40103 SET TIME_ZONE=@OLD_TIME_ZONE */;

/*!40101 SET SQL_MODE=@OLD_SQL_MODE */;
/*!40014 SET FOREIGN_KEY_CHECKS=@OLD_FOREIGN_KEY_CHECKS */;
/*!40014 SET UNIQUE_CHECKS=@OLD_UNIQUE_CHECKS */;
/*!40101 SET CHARACTER_SET_CLIENT=@OLD_CHARACTER_SET_CLIENT */;
/*!40101 SET CHARACTER_SET_RESULTS=@OLD_CHARACTER_SET_RESULTS */;
/*!40101 SET COLLATION_CONNECTION=@OLD_COLLATION_CONNECTION */;
/*!40111 SET SQL_NOTES=@OLD_SQL_NOTES */;

-- Dump completed on 2012-09-05 10:08:17
